sex,age_at_diagnosis_in_years,tnm_stage,tnm.t,tnm.n,tnm.m,tumour_location,chemotherapy_adjuvant,chemotherapy_adjuvant_type,rfs_event,rfs_months,os_event,os_months,mmr_status,cimp_status,cin_status,tp53_mutation,tp53_mutation_dna,tp53_mutation_exon_number,tp53_mutation_protein,kras_mutation,kras_mutation_dna,kras_mutation_exon_number,kras_mutation_protein,braf_mutation,braf_mutation_dna,braf_mutation_exon_number,braf_mutation_protein,cit_molecular_subtype,CMS,PDS_call
Male,36.9,2,T4,N0,M0,proximal,N,N/A,1,4,0,52,pMMR,-,-,M,N/A,N/A,N/A,WT,N/A,N/A,N/A,WT,N/A,N/A,N/A,C3,CMS3,PDS1
Male,60.9,3,T4,N2,M0,proximal,Y,N/A,0,73,0,73,dMMR,-,+,WT,N/A,N/A,N/A,WT,N/A,N/A,N/A,WT,N/A,N/A,N/A,C4,CMS4,PDS2
Male,78.2,2,T3,N0,M0,proximal,Y,N/A,1,17,1,20,dMMR,-,N/A,WT,N/A,N/A,N/A,WT,N/A,N/A,N/A,WT,N/A,N/A,N/A,C2,CMS1,PDS2
Female,35.4,3,T2,N2,M0,distal,N,N/A,0,35,0,35,pMMR,-,-,M,N/A,N/A,N/A,WT,N/A,N/A,N/A,WT,N/A,N/A,N/A,C1,CMS2,PDS1
Female,37.5,2,T3,N0,M0,distal,N,N/A,0,33,0,33,pMMR,-,+,WT,N/A,N/A,N/A,M,c.35G>A,c.35G>A,p.G12D,WT,N/A,N/A,N/A,C1,UNK,PDS3
Female,40.5,3,T3,N1,M0,distal,N,N/A,0,63,0,63,N/A,-,+,M,N/A,N/A,N/A,M,c.35G>T,c.35G>T,p.G12V,WT,N/A,N/A,N/A,C5,UNK,PDS1
Male,42.6,2,T3,N0,M0,proximal,N,N/A,0,31,1,31,pMMR,-,-,WT,N/A,N/A,N/A,M,c.35G>A,c.35G>A,p.G12D,WT,N/A,N/A,N/A,C3,CMS3,PDS3
Female,44.9,2,T4,N0,M0,proximal,N,N/A,1,93,0,112,pMMR,-,+,M,N/A,N/A,N/A,M,c.35G>A,c.35G>A,p.G12D,WT,N/A,N/A,N/A,C4,CMS4,PDS2
Male,24.9,2,T3,N0,M0,distal,N,N/A,0,46,0,46,pMMR,-,+,WT,N/A,N/A,N/A,WT,N/A,N/A,N/A,WT,N/A,N/A,N/A,C5,CMS1,PDS1
Female,41.9,2,T3,N0,M0,distal,N,N/A,0,46,0,46,pMMR,-,+,WT,N/A,N/A,N/A,WT,N/A,N/A,N/A,WT,N/A,N/A,N/A,C1,CMS2,PDS1
Female,45.2,2,T4,N0,M0,distal,N,N/A,0,36,0,36,N/A,-,+,M,N/A,N/A,N/A,WT,N/A,N/A,N/A,WT,N/A,N/A,N/A,C5,CMS2,PDS1
Female,40.8,3,T4,N1,M0,proximal,N,N/A,0,49,0,49,dMMR,-,+,WT,N/A,N/A,N/A,M,c.38G>A,c.38G>A,p.G13D,WT,N/A,N/A,N/A,C2,UNK,PDS2
Female,66.4,2,T3,N0,M0,proximal,N,N/A,0,53,0,53,dMMR,+,+,WT,N/A,N/A,N/A,WT,N/A,N/A,N/A,WT,N/A,N/A,N/A,C2,CMS1,PDS1
Male,76.9,3,T4,N1,M0,proximal,N,N/A,0,59,0,59,dMMR,+,N/A,WT,N/A,N/A,N/A,WT,N/A,N/A,N/A,M,c.1799T>A,c.1799T>A,p.V600E,C2,CMS1,PDS2
Male,81.8,2,T3,N0,M0,proximal,N,N/A,0,48,0,48,dMMR,-,+,WT,N/A,N/A,N/A,M,c.35G>A,c.35G>A,p.G12D,WT,N/A,N/A,N/A,C2,CMS1,PDS2
Male,79.3,3,T4,N2,M0,proximal,N,N/A,0,42,1,42,dMMR,+,+,M,N/A,N/A,N/A,M,c.38G>A,c.38G>A,p.G13D,WT,N/A,N/A,N/A,C2,CMS1,PDS2
Male,75.3,3,T3,N1,M0,proximal,N,N/A,0,87,0,87,dMMR,+,+,M,N/A,N/A,N/A,WT,N/A,N/A,N/A,M,c.1799T>A,c.1799T>A,p.V600E,C2,CMS1,PDS2
Female,68,2,T4,N0,M0,proximal,N,N/A,1,5,0,81,dMMR,+,+,WT,N/A,N/A,N/A,WT,N/A,N/A,N/A,M,c.1799T>A,c.1799T>A,p.V600E,C2,CMS1,PDS1
Male,66.3,2,T3,N0,M0,proximal,N,N/A,0,68,0,68,pMMR,-,N/A,M,N/A,N/A,N/A,WT,N/A,N/A,N/A,WT,N/A,N/A,N/A,C5,UNK,Mixed
Male,66.7,2,T3,N0,M0,proximal,N,N/A,0,68,0,68,pMMR,-,+,WT,N/A,N/A,N/A,WT,N/A,N/A,N/A,WT,N/A,N/A,N/A,C6,CMS4,PDS2
Male,71.3,2,T3,N0,M0,distal,N,N/A,0,55,1,55,pMMR,-,N/A,M,N/A,N/A,N/A,WT,N/A,N/A,N/A,WT,N/A,N/A,N/A,C5,CMS4,PDS2
Male,85.6,2,T4,N0,M0,distal,N,N/A,0,20,1,20,pMMR,-,N/A,WT,N/A,N/A,N/A,WT,N/A,N/A,N/A,WT,N/A,N/A,N/A,C1,CMS2,PDS1
Male,67.5,2,T3,N0,M0,distal,N,N/A,0,56,0,56,pMMR,-,+,WT,N/A,N/A,N/A,M,c.34G>A,c.34G>A,p.G12S,WT,N/A,N/A,N/A,C3,UNK,PDS1
Male,80.9,2,T3,N0,M0,proximal,N,N/A,0,43,0,43,pMMR,-,+,M,N/A,N/A,N/A,WT,N/A,N/A,N/A,WT,N/A,N/A,N/A,C5,UNK,PDS1
Female,61.8,2,T4,N0,M0,distal,N,N/A,0,25,0,25,pMMR,-,-,WT,N/A,N/A,N/A,WT,N/A,N/A,N/A,WT,N/A,N/A,N/A,C6,CMS3,PDS3
Female,63,3,T3,N1,M0,proximal,N,N/A,0,76,0,76,pMMR,-,-,WT,N/A,N/A,N/A,WT,N/A,N/A,N/A,WT,N/A,N/A,N/A,C4,CMS4,PDS2
Male,72,3,T3,N2,M0,proximal,N,N/A,0,89,0,89,pMMR,+,+,M,N/A,N/A,N/A,WT,N/A,N/A,N/A,M,c.1799T>A,c.1799T>A,p.V600E,C2,CMS1,PDS2
Male,74.8,3,T3,N1,M0,proximal,N,N/A,1,18,1,23,pMMR,-,+,WT,N/A,N/A,N/A,M,c.35G>A,c.35G>A,p.G12D,WT,N/A,N/A,N/A,C6,CMS3,PDS3
Male,61.5,3,T3,N1,M0,distal,N,N/A,0,1,0,1,pMMR,-,+,M,N/A,N/A,N/A,WT,N/A,N/A,N/A,WT,N/A,N/A,N/A,C6,CMS2,PDS2
Female,76.4,3,T3,N2,M0,distal,Y,N/A,1,9,0,9,pMMR,-,+,WT,N/A,N/A,N/A,WT,N/A,N/A,N/A,WT,N/A,N/A,N/A,C5,CMS2,PDS3
Male,71.5,3,T2,N1,M0,distal,N,N/A,0,73,0,73,pMMR,-,-,M,N/A,N/A,N/A,WT,N/A,N/A,N/A,WT,N/A,N/A,N/A,C1,UNK,PDS1
Male,77.8,3,T4,N1,M0,distal,N,N/A,1,25,0,26,pMMR,-,+,M,N/A,N/A,N/A,M,c.35G>A,c.35G>A,p.G12D,WT,N/A,N/A,N/A,C3,CMS3,PDS1
Female,92.4,2,T3,N0,M0,distal,N,N/A,0,91,0,91,dMMR,+,-,WT,N/A,N/A,N/A,M,c.34G>T,c.34G>T,p.G12C,WT,N/A,N/A,N/A,C2,CMS1,PDS1
Female,74.5,2,T3,N0,M0,proximal,N,N/A,1,14,1,16,dMMR,-,-,M,N/A,N/A,N/A,WT,N/A,N/A,N/A,WT,N/A,N/A,N/A,C2,CMS1,PDS3
Female,73,3,T3,N2,M0,proximal,Y,5FU,0,43,0,43,pMMR,-,+,WT,N/A,N/A,N/A,M,c.38G>A,c.38G>A,N/A,WT,N/A,N/A,N/A,C1,CMS2,PDS3
Female,68,3,T2,N2,M0,distal,Y,5FU,0,117,0,117,pMMR,-,+,WT,N/A,N/A,N/A,WT,N/A,N/A,N/A,WT,N/A,N/A,N/A,C5,CMS2,Mixed
Male,54,3,T3,N3,M0,proximal,Y,5FU,1,21,1,25,pMMR,+,+,WT,N/A,N/A,N/A,WT,N/A,N/A,N/A,M,N/A,N/A,N/A,C4,CMS4,PDS2
Female,49,3,T3,N2,M0,distal,Y,5FU,1,9,0,78,pMMR,-,+,WT,N/A,N/A,N/A,WT,N/A,N/A,N/A,WT,N/A,N/A,N/A,C6,CMS2,Mixed
Female,58,3,T3,N2,M0,distal,Y,5FU,1,5,1,37,pMMR,-,+,WT,N/A,N/A,N/A,WT,N/A,N/A,N/A,WT,N/A,N/A,N/A,C2,UNK,PDS1
Female,76,3,T3,N2,M0,proximal,Y,5FU,0,82,0,82,pMMR,-,+,WT,N/A,N/A,N/A,M,c.34G>T,c.34G>T,N/A,WT,N/A,N/A,N/A,C1,CMS2,Mixed
Female,59,3,T3,N1,M0,distal,Y,5FU,1,6,0,16,pMMR,-,+,WT,N/A,N/A,N/A,M,c.35G>C,c.35G>C,N/A,WT,N/A,N/A,N/A,C3,UNK,PDS3
Male,62,3,T2,N2,M0,distal,Y,5FU,1,37,0,43,pMMR,-,+,WT,N/A,N/A,N/A,WT,N/A,N/A,N/A,WT,N/A,N/A,N/A,C1,CMS2,PDS1
Male,49,3,T3,N2,M0,distal,Y,5FU,0,53,0,53,pMMR,-,+,WT,N/A,N/A,N/A,WT,N/A,N/A,N/A,WT,N/A,N/A,N/A,C1,CMS3,PDS3
Male,75,3,T3,N2,M0,distal,Y,5FU,1,32,1,34,pMMR,-,+,WT,N/A,N/A,N/A,WT,N/A,N/A,N/A,WT,N/A,N/A,N/A,C4,CMS4,PDS2
Female,70,3,T3,N2,M0,proximal,Y,5FU,0,94,0,94,pMMR,-,+,WT,N/A,N/A,N/A,WT,N/A,N/A,N/A,WT,N/A,N/A,N/A,C5,CMS2,Mixed
Female,46,3,T3,N2,M0,proximal,Y,5FU,0,78,0,78,pMMR,+,+,WT,N/A,N/A,N/A,M,c.35G>A,c.35G>A,N/A,WT,N/A,N/A,N/A,C6,CMS3,PDS3
Male,58,3,T4,N2,M0,distal,Y,5FU,0,36,0,36,pMMR,-,+,WT,N/A,N/A,N/A,WT,N/A,N/A,N/A,WT,N/A,N/A,N/A,C6,CMS4,PDS2
Female,68,3,T3,N3,M0,proximal,Y,5FU,0,52,0,52,pMMR,-,+,WT,N/A,N/A,N/A,WT,N/A,N/A,N/A,M,N/A,N/A,N/A,C2,CMS1,Mixed
Male,81,2,T3,N0,M0,distal,N,N/A,0,55,0,55,pMMR,N/A,N/A,WT,N/A,N/A,N/A,WT,N/A,N/A,N/A,WT,N/A,N/A,N/A,C5,CMS2,Mixed
Female,64,2,T3,N0,M0,proximal,N,N/A,0,60,0,60,pMMR,-,+,WT,N/A,N/A,N/A,WT,N/A,N/A,N/A,WT,N/A,N/A,N/A,C5,CMS2,Mixed
Female,45,2,T4,N0,M0,distal,N,N/A,0,50,0,50,pMMR,N/A,N/A,WT,N/A,N/A,N/A,WT,N/A,N/A,N/A,WT,N/A,N/A,N/A,C1,CMS2,PDS3
Male,77,2,T3,N0,M0,proximal,N,N/A,0,50,0,50,pMMR,-,N/A,WT,N/A,N/A,N/A,M,c.38G>A,c.38G>A,N/A,WT,N/A,N/A,N/A,C1,CMS3,PDS3
Female,94,2,T3,N0,M0,proximal,N,N/A,0,39,0,39,pMMR,-,+,WT,N/A,N/A,N/A,WT,N/A,N/A,N/A,WT,N/A,N/A,N/A,C1,CMS2,PDS1
Female,47,2,T4,N0,M0,proximal,N,N/A,0,50,0,50,pMMR,N/A,N/A,WT,N/A,N/A,N/A,WT,N/A,N/A,N/A,WT,N/A,N/A,N/A,C3,CMS3,PDS3
Male,78,2,T4,N0,M0,proximal,N,N/A,0,33,0,33,pMMR,+,-,WT,N/A,N/A,N/A,M,N/A,N/A,N/A,WT,N/A,N/A,N/A,C3,CMS3,PDS1
Male,61,2,T3,N0,M0,distal,N,N/A,0,1,1,1,pMMR,-,+,WT,N/A,N/A,N/A,WT,N/A,N/A,N/A,WT,N/A,N/A,N/A,C5,CMS2,PDS1
Male,81,2,T3,N0,M0,distal,N,N/A,0,63,0,63,pMMR,-,+,WT,N/A,N/A,N/A,WT,N/A,N/A,N/A,WT,N/A,N/A,N/A,C5,CMS2,PDS1
Male,78,2,T3,N0,M0,distal,N,N/A,0,55,0,55,pMMR,-,+,WT,N/A,N/A,N/A,M,c.35G>A,c.35G>A,N/A,WT,N/A,N/A,N/A,C5,CMS2,PDS1
Male,83,2,T3,N0,M0,proximal,N,N/A,0,51,0,51,pMMR,-,-,WT,N/A,N/A,N/A,M,c.35G>A,c.35G>A,N/A,WT,N/A,N/A,N/A,C3,CMS3,PDS1
Male,58,2,T4,N0,M0,proximal,Y,FUFOL,0,42,0,42,pMMR,+,+,WT,N/A,N/A,N/A,WT,N/A,N/A,N/A,WT,N/A,N/A,N/A,C3,CMS3,PDS1
Male,54,2,T3,N0,M0,distal,N,N/A,1,21,0,58,pMMR,-,+,WT,N/A,N/A,N/A,WT,N/A,N/A,N/A,WT,N/A,N/A,N/A,C5,UNK,PDS2
Female,93,2,T3,N0,M0,proximal,N,N/A,0,33,0,33,pMMR,-,+,WT,N/A,N/A,N/A,M,c.38G>A,c.38G>A,N/A,WT,N/A,N/A,N/A,C5,UNK,Mixed
Male,79,2,T3,N0,M0,proximal,N,N/A,0,26,0,26,pMMR,-,+,WT,N/A,N/A,N/A,M,c.34G>T,c.34G>T,N/A,WT,N/A,N/A,N/A,C3,CMS3,PDS1
Female,75,2,T3,N0,M0,distal,N,N/A,0,19,0,19,pMMR,-,+,WT,N/A,N/A,N/A,M,N/A,N/A,N/A,WT,N/A,N/A,N/A,C3,CMS3,PDS3
Male,68,2,T2,N0,M0,distal,N,N/A,0,15,0,15,pMMR,N/A,+,WT,N/A,N/A,N/A,M,c.34G>T,c.34G>T,N/A,WT,N/A,N/A,N/A,C5,CMS2,PDS1
Male,55,2,T2,N0,M0,proximal,N,N/A,0,29,0,29,pMMR,-,+,WT,N/A,N/A,N/A,WT,N/A,N/A,N/A,WT,N/A,N/A,N/A,C5,CMS2,PDS1
Male,82,2,T3,N0,M0,proximal,N,N/A,0,26,0,26,pMMR,-,+,WT,N/A,N/A,N/A,M,c.34.35delinsAT,c.34.35delinsAT,N/A,WT,N/A,N/A,N/A,C4,CMS4,PDS2
Female,31,2,T4,N0,M0,distal,N,N/A,0,93,0,93,N/A,-,-,WT,N/A,N/A,N/A,WT,N/A,N/A,N/A,WT,N/A,N/A,N/A,C2,UNK,Mixed
Female,78,2,T4,N0,M0,proximal,N,N/A,0,92,0,92,N/A,+,-,WT,N/A,N/A,N/A,WT,N/A,N/A,N/A,M,N/A,N/A,N/A,C2,CMS1,PDS1
Male,70,2,T3,N0,M0,distal,N,N/A,0,26,1,26,N/A,-,+,WT,N/A,N/A,N/A,WT,N/A,N/A,N/A,WT,N/A,N/A,N/A,C1,CMS2,PDS1
Female,75,2,T3,N0,M0,proximal,N,N/A,0,60,0,60,N/A,+,-,WT,N/A,N/A,N/A,WT,N/A,N/A,N/A,M,N/A,N/A,N/A,C2,CMS1,PDS2
Female,76,2,T3,N0,M0,distal,N,N/A,0,59,0,59,N/A,+,-,WT,N/A,N/A,N/A,WT,N/A,N/A,N/A,M,N/A,N/A,N/A,C2,CMS1,PDS2
Male,66,2,T3,N0,M0,distal,N,N/A,0,82,0,82,N/A,-,+,WT,N/A,N/A,N/A,WT,N/A,N/A,N/A,WT,N/A,N/A,N/A,C5,CMS2,PDS1
Female,78,2,T4,N0,M0,distal,N,N/A,0,43,1,43,N/A,-,+,WT,N/A,N/A,N/A,WT,N/A,N/A,N/A,WT,N/A,N/A,N/A,C1,CMS2,PDS3
Female,43,2,T4,N0,M0,distal,Y,FOLFOX,1,0,1,23,pMMR,-,+,WT,N/A,N/A,N/A,M,c.35G>T,c.35G>T,N/A,WT,N/A,N/A,N/A,C6,CMS2,Mixed
Male,54,2,T3,N0,M0,distal,N,N/A,0,70,0,70,N/A,-,+,WT,N/A,N/A,N/A,M,c.38G>A,c.38G>A,N/A,WT,N/A,N/A,N/A,C1,CMS4,Mixed
Male,48,2,T3,N0,M0,distal,Y,FUFOL,0,46,0,46,N/A,-,+,WT,N/A,N/A,N/A,WT,N/A,N/A,N/A,WT,N/A,N/A,N/A,C1,CMS2,Mixed
Female,83,2,T3,N0,M0,distal,N,N/A,0,183,1,183,N/A,-,+,WT,N/A,N/A,N/A,WT,N/A,N/A,N/A,WT,N/A,N/A,N/A,C5,CMS4,PDS2
Male,44,2,T4,N0,M0,distal,Y,FUFOL,1,3,1,22,N/A,-,+,WT,N/A,N/A,N/A,M,c.35G>A,c.35G>A,N/A,WT,N/A,N/A,N/A,C4,CMS4,PDS2
Male,68,2,T3,N0,M0,proximal,N,N/A,0,201,0,201,N/A,-,+,WT,N/A,N/A,N/A,M,c.38G>A,c.38G>A,N/A,WT,N/A,N/A,N/A,C5,CMS2,PDS1
Female,64,2,T4,N0,M0,distal,Y,FUFOL,0,68,1,68,N/A,-,+,WT,N/A,N/A,N/A,M,c.35G>T,c.35G>T,N/A,WT,N/A,N/A,N/A,C6,CMS3,PDS3
Female,68,2,T3,N0,M0,distal,N,N/A,0,183,0,183,N/A,-,+,WT,N/A,N/A,N/A,WT,N/A,N/A,N/A,WT,N/A,N/A,N/A,C5,CMS2,PDS1
Female,70,2,T4,N0,M0,proximal,N,N/A,0,172,0,172,N/A,+,+,WT,N/A,N/A,N/A,WT,N/A,N/A,N/A,M,N/A,N/A,N/A,C4,CMS1,PDS2
Female,80,2,T3,N0,M0,proximal,N,N/A,0,163,0,163,N/A,+,+,WT,N/A,N/A,N/A,M,c.35G>A,c.35G>A,N/A,WT,N/A,N/A,N/A,C4,CMS4,PDS2
Female,70,2,T4,N0,M0,distal,Y,FUFOL,1,1,1,75,N/A,-,N/A,WT,N/A,N/A,N/A,WT,N/A,N/A,N/A,WT,N/A,N/A,N/A,C1,CMS2,Mixed
Male,42,2,T4,N0,M0,distal,N,N/A,0,44,1,44,N/A,-,+,WT,N/A,N/A,N/A,WT,N/A,N/A,N/A,WT,N/A,N/A,N/A,C2,CMS1,PDS1
Male,48,2,T3,N0,M0,proximal,N,N/A,0,153,0,153,N/A,-,-,WT,N/A,N/A,N/A,WT,N/A,N/A,N/A,WT,N/A,N/A,N/A,C2,CMS1,PDS1
Female,58,2,T3,N0,M0,distal,N,N/A,1,26,1,31,N/A,-,+,WT,N/A,N/A,N/A,M,c.35G>T,c.35G>T,N/A,WT,N/A,N/A,N/A,C6,UNK,PDS3
Male,63,2,T3,N0,M0,distal,Y,FOLFOX,1,54,1,145,N/A,-,+,WT,N/A,N/A,N/A,WT,N/A,N/A,N/A,WT,N/A,N/A,N/A,C5,CMS4,PDS2
Male,44,2,T3,N0,M0,distal,Y,5FU,0,168,0,168,N/A,-,+,WT,N/A,N/A,N/A,WT,N/A,N/A,N/A,WT,N/A,N/A,N/A,C2,UNK,Mixed
Male,61,2,T4,N0,M0,distal,Y,other,1,53,0,165,N/A,+,+,WT,N/A,N/A,N/A,M,c.35G>T,c.35G>T,N/A,WT,N/A,N/A,N/A,C2,CMS1,PDS1
Female,68,2,T3,N0,M0,distal,N,N/A,0,26,0,26,N/A,-,+,WT,N/A,N/A,N/A,M,c.35G>C,c.35G>C,N/A,WT,N/A,N/A,N/A,C1,CMS2,PDS1
Male,75,2,T3,N0,M0,distal,Y,other,1,119,1,132,N/A,-,+,WT,N/A,N/A,N/A,M,c.38G>A,c.38G>A,N/A,WT,N/A,N/A,N/A,C2,CMS4,PDS2
Female,65,2,T3,N0,M0,distal,N,N/A,0,127,0,127,N/A,-,+,WT,N/A,N/A,N/A,WT,N/A,N/A,N/A,WT,N/A,N/A,N/A,C5,UNK,Mixed
Female,73,2,T3,N0,M0,distal,N,N/A,0,129,0,129,N/A,-,-,WT,N/A,N/A,N/A,WT,N/A,N/A,N/A,WT,N/A,N/A,N/A,C6,CMS4,PDS2
Male,56,2,T3,N0,M0,proximal,N,N/A,0,97,0,97,N/A,-,+,WT,N/A,N/A,N/A,WT,N/A,N/A,N/A,WT,N/A,N/A,N/A,C1,CMS2,Mixed
Male,81,2,T3,N0,M0,distal,N,N/A,0,43,1,43,pMMR,-,+,WT,N/A,N/A,N/A,WT,N/A,N/A,N/A,WT,N/A,N/A,N/A,C1,CMS2,PDS1
Female,84,2,T3,N0,M0,proximal,N,N/A,1,8,1,32,pMMR,-,+,WT,N/A,N/A,N/A,WT,N/A,N/A,N/A,WT,N/A,N/A,N/A,C1,CMS2,PDS1
Female,73,2,T4,N0,M0,distal,N,N/A,0,79,0,79,pMMR,-,-,WT,N/A,N/A,N/A,WT,N/A,N/A,N/A,WT,N/A,N/A,N/A,C6,CMS4,PDS2
Female,68,2,T3,N0,M0,proximal,N,N/A,0,87,0,87,pMMR,+,-,WT,N/A,N/A,N/A,WT,N/A,N/A,N/A,WT,N/A,N/A,N/A,C4,CMS4,PDS2
Female,72,2,T3,N0,M0,distal,N,N/A,0,69,0,69,pMMR,-,+,WT,N/A,N/A,N/A,WT,N/A,N/A,N/A,WT,N/A,N/A,N/A,C1,CMS2,PDS1
Male,67,2,T3,N0,M0,distal,N,N/A,1,45,0,70,pMMR,-,+,WT,N/A,N/A,N/A,M,c.35G>A,c.35G>A,N/A,WT,N/A,N/A,N/A,C3,CMS3,PDS1
Female,76,2,T3,N0,M0,distal,N,N/A,0,47,0,47,pMMR,-,+,WT,N/A,N/A,N/A,M,c.35G>T,c.35G>T,N/A,WT,N/A,N/A,N/A,C5,CMS4,PDS2
Female,55,2,T4,N0,M0,distal,Y,FUFOL,0,74,0,74,pMMR,-,+,WT,N/A,N/A,N/A,WT,N/A,N/A,N/A,WT,N/A,N/A,N/A,C5,CMS4,PDS2
Female,67,2,T3,N0,M0,proximal,N,N/A,0,61,0,61,pMMR,-,-,WT,N/A,N/A,N/A,M,c.35G>A,c.35G>A,N/A,WT,N/A,N/A,N/A,C5,CMS4,PDS2
Male,50,2,T3,N0,M0,distal,N,N/A,0,67,0,67,pMMR,-,+,WT,N/A,N/A,N/A,M,c.35G>T,c.35G>T,N/A,WT,N/A,N/A,N/A,C5,CMS4,Mixed
Female,63,3,T2,N1,M0,distal,Y,5FU,1,3,0,15,pMMR,-,-,WT,N/A,N/A,N/A,WT,N/A,N/A,N/A,WT,N/A,N/A,N/A,C1,CMS2,Mixed
Male,64,3,T4,N1,M0,proximal,Y,5FU,1,12,1,12,pMMR,-,+,WT,N/A,N/A,N/A,M,c.35G>A,c.35G>A,N/A,WT,N/A,N/A,N/A,C4,CMS4,PDS2
Male,66,3,T4,N2,M0,distal,Y,5FU,0,15,1,15,pMMR,+,+,WT,N/A,N/A,N/A,M,c.35G>A,c.35G>A,N/A,WT,N/A,N/A,N/A,C3,CMS3,PDS3
Male,78,3,T3,N1,M0,distal,Y,5FU,0,15,0,15,pMMR,-,N/A,WT,N/A,N/A,N/A,WT,N/A,N/A,N/A,WT,N/A,N/A,N/A,C5,CMS2,Mixed
Female,71,3,T4,N2,M0,proximal,Y,5FU,0,25,0,25,pMMR,-,N/A,WT,N/A,N/A,N/A,M,c.38G>A,c.38G>A,N/A,WT,N/A,N/A,N/A,C3,CMS3,PDS3
Male,56,3,T3,N1,M0,distal,Y,5FU,1,21,0,35,pMMR,N/A,N/A,WT,N/A,N/A,N/A,WT,N/A,N/A,N/A,WT,N/A,N/A,N/A,C6,CMS3,PDS3
Male,22,3,T3,N1,M0,distal,Y,5FU,0,46,0,46,pMMR,N/A,N/A,WT,N/A,N/A,N/A,WT,N/A,N/A,N/A,WT,N/A,N/A,N/A,C6,UNK,Mixed
Male,66,3,T3,N2,M0,distal,Y,5FU,1,28,0,58,pMMR,-,+,WT,N/A,N/A,N/A,M,c.35G>T,c.35G>T,N/A,WT,N/A,N/A,N/A,C2,UNK,Mixed
Female,72,3,T3,N3,M0,proximal,Y,5FU,0,41,0,41,pMMR,-,+,WT,N/A,N/A,N/A,M,c.35G>T,c.35G>T,N/A,WT,N/A,N/A,N/A,C4,CMS4,PDS2
Male,53,3,T2,N3,M0,distal,Y,5FU,0,32,0,32,pMMR,-,+,WT,N/A,N/A,N/A,WT,N/A,N/A,N/A,WT,N/A,N/A,N/A,C5,CMS2,PDS3
Female,96,3,T3,N1,M0,distal,Y,5FU,1,9,0,72,pMMR,N/A,N/A,WT,N/A,N/A,N/A,WT,N/A,N/A,N/A,WT,N/A,N/A,N/A,C5,UNK,Mixed
Male,76,3,T3,N1,M0,distal,Y,5FU,0,60,1,60,pMMR,-,+,WT,N/A,N/A,N/A,WT,N/A,N/A,N/A,WT,N/A,N/A,N/A,C6,UNK,PDS3
Male,64,3,T4,N1,M0,distal,Y,5FU,0,103,0,103,pMMR,N/A,N/A,WT,N/A,N/A,N/A,WT,N/A,N/A,N/A,WT,N/A,N/A,N/A,C5,CMS2,Mixed
Male,96,3,T3,N1,M0,proximal,Y,5FU,0,36,0,36,pMMR,-,+,WT,N/A,N/A,N/A,WT,N/A,N/A,N/A,WT,N/A,N/A,N/A,C2,UNK,PDS1
Male,76,3,T4,N2,M0,proximal,Y,5FU,1,4,1,7,pMMR,N/A,N/A,WT,N/A,N/A,N/A,WT,N/A,N/A,N/A,WT,N/A,N/A,N/A,C3,CMS3,PDS1
Male,63,3,T3,N2,M0,distal,Y,5FU,1,13,0,22,pMMR,N/A,N/A,WT,N/A,N/A,N/A,WT,N/A,N/A,N/A,WT,N/A,N/A,N/A,C3,CMS3,PDS3
Female,64,3,T3,N2,M0,proximal,Y,5FU,0,32,1,32,pMMR,N/A,N/A,WT,N/A,N/A,N/A,WT,N/A,N/A,N/A,WT,N/A,N/A,N/A,C4,CMS4,PDS2
Female,63,3,T3,N1,M0,proximal,Y,5FU,1,18,0,27,pMMR,N/A,N/A,WT,N/A,N/A,N/A,WT,N/A,N/A,N/A,WT,N/A,N/A,N/A,C4,CMS4,PDS2
Male,73,3,T3,N1,M0,proximal,Y,5FU,0,46,0,46,pMMR,-,-,WT,N/A,N/A,N/A,WT,N/A,N/A,N/A,M,N/A,N/A,N/A,C3,CMS3,PDS1
Female,59,3,T3,N3,M0,distal,Y,5FU,1,11,1,75,pMMR,-,+,WT,N/A,N/A,N/A,WT,N/A,N/A,N/A,WT,N/A,N/A,N/A,C6,UNK,PDS3
Female,79,3,T3,N2,M0,distal,Y,5FU,1,2,1,29,pMMR,-,+,WT,N/A,N/A,N/A,WT,N/A,N/A,N/A,WT,N/A,N/A,N/A,C6,UNK,PDS3
Female,78,3,T3,N1,M0,proximal,Y,5FU,1,11,0,32,N/A,+,-,WT,N/A,N/A,N/A,WT,N/A,N/A,N/A,M,N/A,N/A,N/A,C2,UNK,PDS2
Male,64,3,T3,N2,M0,distal,Y,5FU,1,19,0,30,pMMR,-,+,WT,N/A,N/A,N/A,M,c.38G>A,c.38G>A,N/A,WT,N/A,N/A,N/A,C1,CMS3,Mixed
Male,96,3,T4,N1,M0,distal,Y,5FU,1,25,0,37,pMMR,N/A,N/A,WT,N/A,N/A,N/A,WT,N/A,N/A,N/A,WT,N/A,N/A,N/A,C5,CMS2,PDS1
Female,96,3,T3,N1,M0,proximal,Y,5FU,0,36,0,36,pMMR,N/A,N/A,WT,N/A,N/A,N/A,WT,N/A,N/A,N/A,WT,N/A,N/A,N/A,C5,UNK,PDS1
Male,96,3,T3,N1,M0,distal,Y,5FU,0,35,0,35,pMMR,-,+,WT,N/A,N/A,N/A,M,c.35G>A,c.35G>A,N/A,WT,N/A,N/A,N/A,C3,CMS3,PDS3
Female,97,3,T4,N1,M0,proximal,Y,5FU,1,19,1,19,pMMR,N/A,N/A,WT,N/A,N/A,N/A,WT,N/A,N/A,N/A,WT,N/A,N/A,N/A,C5,CMS2,PDS1
Male,53,2,T3,N0,M0,proximal,N,N/A,0,71,0,71,pMMR,N/A,N/A,WT,N/A,N/A,N/A,WT,N/A,N/A,N/A,WT,N/A,N/A,N/A,C1,CMS2,PDS1
Female,49,2,T3,N0,M0,distal,Y,FUFOL,0,75,0,75,pMMR,-,+,WT,N/A,N/A,N/A,WT,N/A,N/A,N/A,WT,N/A,N/A,N/A,C6,UNK,PDS3
Female,64,2,T3,N0,M0,distal,Y,FUFOL,1,14,0,68,pMMR,-,+,WT,N/A,N/A,N/A,WT,N/A,N/A,N/A,WT,N/A,N/A,N/A,C6,CMS4,Mixed
Male,61,2,T3,N0,M0,distal,N,N/A,0,63,0,63,pMMR,N/A,N/A,WT,N/A,N/A,N/A,WT,N/A,N/A,N/A,WT,N/A,N/A,N/A,C5,CMS2,PDS1
Female,66,2,T3,N0,M0,distal,N,N/A,0,85,0,85,pMMR,-,+,WT,N/A,N/A,N/A,M,c.35G>A,c.35G>A,N/A,WT,N/A,N/A,N/A,C6,UNK,PDS3
Male,64,2,T3,N0,M0,distal,Y,FOLFOX,0,93,0,93,pMMR,-,+,WT,N/A,N/A,N/A,WT,N/A,N/A,N/A,WT,N/A,N/A,N/A,C5,CMS4,PDS2
Male,76,2,T2,N0,M0,distal,N,N/A,0,11,0,11,pMMR,-,-,WT,N/A,N/A,N/A,M,c.35G>A,c.35G>A,N/A,WT,N/A,N/A,N/A,C2,CMS3,PDS1
Male,76,2,T4,N0,M0,distal,N,N/A,0,55,0,55,pMMR,-,+,WT,N/A,N/A,N/A,WT,N/A,N/A,N/A,WT,N/A,N/A,N/A,C5,CMS2,PDS3
Female,78,2,T3,N0,M0,proximal,N,N/A,0,86,0,86,pMMR,-,+,WT,N/A,N/A,N/A,M,c.35G>A,c.35G>A,N/A,WT,N/A,N/A,N/A,C4,CMS4,PDS2
Female,87,2,T3,N0,M0,distal,N,N/A,0,61,1,61,pMMR,-,+,WT,N/A,N/A,N/A,M,c.34G>T,c.34G>T,N/A,WT,N/A,N/A,N/A,C5,UNK,PDS1
Male,64,3,T3,N+,M0,distal,Y,N/A,1,27,1,53,pMMR,N/A,N/A,M,N/A,N/A,N/A,WT,N/A,N/A,N/A,WT,N/A,N/A,N/A,C6,CMS4,Mixed
Male,74,3,T3,N2,M0,distal,N,N/A,1,7,1,14,pMMR,N/A,N/A,M,N/A,N/A,N/A,WT,N/A,N/A,N/A,WT,N/A,N/A,N/A,C5,UNK,Mixed
Female,78,2,T3,N0,M0,distal,N,N/A,1,4,1,13,pMMR,N/A,N/A,M,N/A,N/A,N/A,M,c.35G>C,c.35G>C,p.G12A,WT,N/A,N/A,N/A,C3,CMS3,Mixed
Male,54,3,T3,N1,M0,distal,Y,N/A,1,61,0,130,pMMR,N/A,N/A,WT,N/A,N/A,N/A,WT,N/A,N/A,N/A,WT,N/A,N/A,N/A,C1,CMS2,PDS1
Male,68,2,T3,N0,M0,distal,Y,N/A,1,9,0,129,pMMR,N/A,N/A,M,N/A,N/A,N/A,WT,N/A,N/A,N/A,WT,N/A,N/A,N/A,C1,CMS2,PDS1
Male,77,2,T3,N0,M0,distal,N,N/A,1,45,1,53,pMMR,N/A,N/A,WT,N/A,N/A,N/A,WT,N/A,N/A,N/A,WT,N/A,N/A,N/A,C1,CMS3,PDS3
Female,69,3,T3,N1,M0,distal,Y,N/A,1,38,0,102,pMMR,N/A,N/A,M,N/A,N/A,N/A,WT,N/A,N/A,N/A,WT,N/A,N/A,N/A,C5,CMS2,Mixed
Male,64,2,T4,N0,M0,distal,N,N/A,1,56,0,172,pMMR,N/A,N/A,WT,N/A,N/A,N/A,M,c.35G>T,c.35G>T,p.G12V,WT,N/A,N/A,N/A,C4,CMS4,PDS2
Male,58,3,T3,N2,M0,distal,Y,N/A,1,15,0,84,pMMR,N/A,N/A,M,N/A,N/A,N/A,WT,N/A,N/A,N/A,WT,N/A,N/A,N/A,C5,CMS2,Mixed
Female,86,3,T3,N2,M0,proximal,N,N/A,1,2,1,35,pMMR,-,+,M,c.610G>T,c.610G>T,p.E204X,M,c.35G>A,c.35G>A,p.G12D,WT,N/A,N/A,N/A,C5,CMS2,PDS3
Male,57,2,T4,N0,M0,distal,N,N/A,0,154,0,154,pMMR,N/A,N/A,WT,N/A,N/A,N/A,WT,N/A,N/A,N/A,WT,N/A,N/A,N/A,C5,CMS2,PDS1
Female,63,2,T3,N0,M0,distal,N,N/A,0,121,0,121,pMMR,-,+,M,c.524G>A,c.524G>A,p.R175H,WT,N/A,N/A,N/A,WT,N/A,N/A,N/A,C1,CMS2,Mixed
Female,63,3,T3,N2,M0,distal,Y,N/A,0,135,0,135,pMMR,N/A,N/A,M,N/A,N/A,N/A,WT,N/A,N/A,N/A,WT,N/A,N/A,N/A,C6,UNK,PDS3
Male,60,3,T3,N2,M0,distal,Y,N/A,0,66,0,66,pMMR,N/A,N/A,M,N/A,N/A,N/A,M,c.35G>A,c.35G>A,p.G12D,WT,N/A,N/A,N/A,C2,CMS1,PDS3
Male,79,2,T3,N0,M0,distal,N,N/A,0,140,0,140,pMMR,-,+,M,FS,FS,FS,WT,N/A,N/A,N/A,WT,N/A,N/A,N/A,C5,CMS2,PDS1
Male,59,3,T3,N1,M0,distal,Y,N/A,0,127,0,127,pMMR,N/A,N/A,M,N/A,N/A,N/A,M,c.38G>A,c.38G>A,p.G13D,WT,N/A,N/A,N/A,C5,CMS2,Mixed
Male,64,2,T3,N0,M0,distal,N,N/A,0,132,0,132,pMMR,N/A,N/A,WT,N/A,N/A,N/A,WT,N/A,N/A,N/A,WT,N/A,N/A,N/A,C1,CMS2,PDS3
Female,55,3,T3,N1,M0,distal,Y,N/A,0,109,0,109,pMMR,N/A,N/A,M,N/A,N/A,N/A,WT,N/A,N/A,N/A,WT,N/A,N/A,N/A,C6,UNK,PDS3
Female,75,3,T3,N1,M0,distal,Y,N/A,0,77,0,77,pMMR,N/A,N/A,WT,N/A,N/A,N/A,M,c.34G>A,c.34G>A,p.G12S,WT,N/A,N/A,N/A,C3,CMS3,PDS1
Female,70,3,T3,N1,M0,proximal,Y,N/A,0,56,0,56,pMMR,N/A,N/A,WT,N/A,N/A,N/A,M,c.35G>A,c.35G>A,p.G12D,WT,N/A,N/A,N/A,C1,CMS2,PDS1
Male,71,2,T3,N0,M0,distal,N,N/A,0,66,1,66,pMMR,N/A,N/A,M,c.856G>A,c.856G>A,p.E286K,WT,N/A,N/A,N/A,WT,N/A,N/A,N/A,C1,CMS2,PDS1
Female,49,3,T4,N2,M0,distal,Y,N/A,1,3,1,44,pMMR,N/A,N/A,M,N/A,N/A,N/A,M,c.38G>A,c.38G>A,p.G13D,WT,N/A,N/A,N/A,C1,UNK,Mixed
Male,42,3,T3,N2,M0,distal,Y,N/A,1,6,1,24,pMMR,N/A,N/A,M,N/A,N/A,N/A,M,c.35G>A,c.35G>A,p.G12D,WT,N/A,N/A,N/A,C1,UNK,PDS1
Male,67,3,T3,N1,M0,distal,Y,N/A,0,112,1,112,pMMR,N/A,N/A,WT,N/A,N/A,N/A,WT,N/A,N/A,N/A,WT,N/A,N/A,N/A,C6,CMS2,PDS3
Male,57,3,T3,N1,M0,distal,Y,N/A,0,118,0,118,pMMR,N/A,N/A,WT,N/A,N/A,N/A,WT,N/A,N/A,N/A,WT,N/A,N/A,N/A,C5,UNK,Mixed
Female,45,3,T3,N2,M0,proximal,Y,N/A,0,120,0,120,pMMR,N/A,N/A,M,N/A,N/A,N/A,M,c.38G>A,c.38G>A,p.G13D,WT,N/A,N/A,N/A,C4,CMS4,PDS2
Male,67,3,T3,N1,M0,proximal,Y,N/A,0,93,0,93,pMMR,-,+,WT,N/A,N/A,N/A,M,c.34G>T,c.34G>T,p.G12C,WT,N/A,N/A,N/A,C3,CMS3,PDS3
Male,73,2,T3,N0,M0,distal,N,N/A,1,39,0,77,pMMR,N/A,N/A,M,N/A,N/A,N/A,WT,N/A,N/A,N/A,WT,N/A,N/A,N/A,C5,CMS2,PDS2
Female,91,2,T3,N0,M0,distal,N,N/A,1,9,1,11,pMMR,N/A,N/A,WT,N/A,N/A,N/A,M,c.35G>A,c.35G>A,p.G12D,WT,N/A,N/A,N/A,C1,UNK,Mixed
Female,73,3,T3,N1,M0,distal,Y,N/A,0,77,0,77,pMMR,N/A,N/A,M,N/A,N/A,N/A,WT,N/A,N/A,N/A,WT,N/A,N/A,N/A,C5,CMS4,PDS2
Male,71,2,T4,N0,M0,distal,Y,N/A,0,41,0,41,pMMR,N/A,N/A,M,N/A,N/A,N/A,WT,N/A,N/A,N/A,WT,N/A,N/A,N/A,C6,UNK,PDS3
Male,70,3,T3,N+,M0,distal,Y,5FU,1,3,1,69,pMMR,N/A,N/A,WT,N/A,N/A,N/A,WT,N/A,N/A,N/A,WT,N/A,N/A,N/A,C5,CMS4,Mixed
Male,67,2,T4,N0,M0,proximal,N,N/A,1,36,1,87,pMMR,N/A,N/A,M,N/A,N/A,N/A,WT,N/A,N/A,N/A,WT,N/A,N/A,N/A,C6,UNK,Mixed
Female,42,3,T3,N+,M0,distal,Y,5FU,1,3,1,12,pMMR,N/A,N/A,WT,N/A,N/A,N/A,M,c.34G>A,c.34G>A,p.G12S,WT,N/A,N/A,N/A,C1,UNK,PDS3
Male,47,2,T3,N0,M0,distal,N,N/A,1,36,1,45,pMMR,-,+,WT,N/A,N/A,N/A,WT,N/A,N/A,N/A,WT,N/A,N/A,N/A,C5,CMS2,Mixed
Male,76,3,T4,N+,M0,proximal,N,N/A,1,4,1,8,pMMR,N/A,N/A,WT,N/A,N/A,N/A,WT,N/A,N/A,N/A,WT,N/A,N/A,N/A,C2,CMS1,PDS2
Male,50,2,T4,N0,M0,distal,N,N/A,0,164,0,164,pMMR,N/A,N/A,WT,N/A,N/A,N/A,WT,N/A,N/A,N/A,WT,N/A,N/A,N/A,C1,CMS2,PDS3
Female,67,3,T2,N2,M0,distal,N,N/A,0,73,0,73,pMMR,N/A,N/A,WT,N/A,N/A,N/A,WT,N/A,N/A,N/A,WT,N/A,N/A,N/A,C5,UNK,PDS1
Female,70,3,T4,N1,M0,proximal,N,N/A,0,130,0,130,pMMR,N/A,N/A,WT,N/A,N/A,N/A,WT,N/A,N/A,N/A,WT,N/A,N/A,N/A,C2,CMS1,PDS2
Female,88,2,T4,N0,M0,proximal,N,N/A,1,4,1,5,pMMR,+,+,M,c.514G>T,c.514G>T,p.V172F,M,c.183A>T,c.183A>T,p.Q61H,WT,N/A,N/A,N/A,C2,UNK,PDS3
Female,59,2,T4,N0,M0,distal,Y,N/A,1,15,1,26,pMMR,-,N/A,WT,N/A,N/A,N/A,M,c.183A>C,c.183A>C,p.Q61H,WT,N/A,N/A,N/A,C1,CMS2,Mixed
Male,75,3,T3,N1,M0,distal,Y,N/A,0,97,0,97,pMMR,-,+,M,c.817C>G,c.817C>G,p.R273G,WT,N/A,N/A,N/A,WT,N/A,N/A,N/A,C6,CMS3,PDS3
Female,83,3,T3,N1,M0,distal,N,N/A,1,28,1,43,pMMR,-,+,WT,N/A,N/A,N/A,M,c.35G>A,c.35G>A,p.G12D,WT,N/A,N/A,N/A,C1,CMS2,PDS1
Female,85,3,T4,N2,M0,proximal,N,N/A,1,35,1,36,pMMR,-,+,M,c.451C>T,c.451C>T,p.P151S,WT,N/A,N/A,N/A,WT,N/A,N/A,N/A,C5,CMS4,PDS2
Male,71,2,N/A,N/A,N/A,proximal,N,N/A,1,20,1,22,pMMR,-,N/A,M,c.-1G>A,c.-1G>A,N/A,M,c.35G>A,c.35G>A,p.G12D,WT,N/A,N/A,N/A,C6,CMS2,PDS3
Female,69,3,N/A,N/A,N/A,proximal,Y,N/A,1,21,0,67,pMMR,-,+,WT,N/A,N/A,N/A,M,c.183A>C,c.183A>C,p.Q61H,WT,N/A,N/A,N/A,C3,CMS3,PDS3
Male,77,2,N/A,N/A,N/A,distal,N,N/A,1,17,1,18,pMMR,N/A,N/A,M,c.535C>T,c.535C>T,p.H179Y,WT,N/A,N/A,N/A,WT,N/A,N/A,N/A,C5,UNK,PDS2
Female,66,2,N/A,N/A,N/A,distal,Y,N/A,1,19,1,24,pMMR,+,N/A,M,c.-1G>A,c.-1G>A,N/A,WT,N/A,N/A,N/A,WT,N/A,N/A,N/A,C2,CMS1,Mixed
Male,69,3,N/A,N/A,N/A,proximal,Y,N/A,1,13,1,34,pMMR,N/A,N/A,WT,N/A,N/A,N/A,M,c.35G>A,c.35G>A,p.G12D,WT,N/A,N/A,N/A,C4,CMS4,PDS2
Male,53,2,T4,N0,M0,distal,N,N/A,1,23,1,58,pMMR,-,+,WT,N/A,N/A,N/A,WT,N/A,N/A,N/A,WT,N/A,N/A,N/A,C1,UNK,Mixed
Female,62,3,N/A,N/A,N/A,distal,Y,N/A,1,11,1,32,pMMR,N/A,N/A,M,c.817C>T,c.817C>T,p.R273C,M,c.35G>T,c.35G>T,p.G12V,WT,N/A,N/A,N/A,C3,CMS3,PDS3
Female,70,2,N/A,N/A,N/A,proximal,N,N/A,1,4,1,39,pMMR,+,N/A,WT,N/A,N/A,N/A,WT,N/A,N/A,N/A,M,c.1799T>A,c.1799T>A,p.V600E,C4,CMS1,PDS2
Female,58,3,N/A,N/A,N/A,distal,Y,N/A,1,22,0,39,pMMR,-,N/A,M,c.745A>T,c.745A>T,p.R249W,WT,N/A,N/A,N/A,WT,N/A,N/A,N/A,C1,CMS2,PDS3
Female,50,3,N/A,N/A,N/A,proximal,Y,N/A,1,14,1,47,pMMR,-,N/A,WT,N/A,N/A,N/A,M,c.35G>T,c.35G>T,p.G12V,WT,N/A,N/A,N/A,C4,CMS4,PDS2
Male,62,2,T3,N0,M0,proximal,N,N/A,1,9,0,49,pMMR,N/A,N/A,M,c.743G>A,c.743G>A,p.R248Q,WT,N/A,N/A,N/A,WT,N/A,N/A,N/A,C2,CMS4,Mixed
Female,58,3,T3,N2,M0,distal,Y,N/A,1,11,0,22,pMMR,-,+,WT,N/A,N/A,N/A,M,c.182A>T,c.182A>T,p.Q61L,WT,N/A,N/A,N/A,C1,CMS2,PDS3
Male,63,3,T4,N+,M0,proximal,N,N/A,0,192,0,192,pMMR,-,+,M,c.844C>T,c.844C>T,p.R282W,WT,N/A,N/A,N/A,WT,N/A,N/A,N/A,C2,UNK,Mixed
Male,68,2,T3,N0,M0,distal,Y,5FU,0,108,0,108,pMMR,-,+,M,c.742C>G,c.742C>G,p.R248G,WT,N/A,N/A,N/A,WT,N/A,N/A,N/A,C5,CMS2,Mixed
Male,49,3,T3,N1,M0,distal,Y,5FU,0,122,0,122,pMMR,-,+,WT,N/A,N/A,N/A,M,c.35G>T,c.35G>T,p.G12V,WT,N/A,N/A,N/A,C3,CMS3,Mixed
Female,72,2,T3,N0,M0,proximal,N,N/A,0,158,0,158,pMMR,-,+,M,c.817C>T,c.817C>T,p.R273C,M,c.437C>T,c.437C>T,p.A146V,WT,N/A,N/A,N/A,C2,UNK,PDS3
Female,51,3,T3,N1,M0,distal,Y,N/A,0,73,0,73,pMMR,-,+,M,c.524G>A'+'  c.427G>A,c.524G>A'+'  c.427G>A,p.R175H'+'  p.V143M,M,c.35G>A,c.35G>A,p.G12D,WT,N/A,N/A,N/A,C1,CMS2,PDS3
Male,43,3,T3,N2,M0,distal,Y,N/A,0,83,0,83,pMMR,-,N/A,M,c.413C>T,c.413C>T,p.A138V,WT,N/A,N/A,N/A,WT,N/A,N/A,N/A,C1,CMS2,PDS1
Female,54,2,T3,N0,M0,proximal,Y,N/A,0,120,0,120,pMMR,-,+,WT,N/A,N/A,N/A,M,c.358T>G'+'  c.433T>A,c.358T>G'+'  c.433T>A,p.L120V'+'  p.S145T,WT,N/A,N/A,N/A,C3,CMS3,PDS1
Female,69,2,T3,N0,M0,proximal,N,N/A,0,73,0,73,pMMR,+,N/A,WT,N/A,N/A,N/A,M,c.340G>C,c.340G>C,p.V144L,WT,N/A,N/A,N/A,C2,CMS1,PDS1
Female,78,2,T3,N0,M0,proximal,N,N/A,0,50,0,50,pMMR,+,+,WT,N/A,N/A,N/A,WT,N/A,N/A,N/A,M,c.1799T>A,c.1799T>A,p.V600E,C3,CMS3,Mixed
Female,52,3,T3,N1,M0,distal,Y,N/A,0,57,0,57,pMMR,-,+,M,c.735C>A,c.735C>A,p.G245E,M,c.34G>A,c.34G>A,p.G12S,WT,N/A,N/A,N/A,C1,CMS2,PDS1
Male,73,3,T3,N2,M0,distal,Y,N/A,0,66,0,66,pMMR,-,+,M,c.844C>T,c.844C>T,p.R282W,WT,N/A,N/A,N/A,WT,N/A,N/A,N/A,C1,CMS2,PDS1
Male,61,2,T3,N0,M0,distal,N,N/A,0,54,0,54,pMMR,-,+,WT,N/A,N/A,N/A,WT,N/A,N/A,N/A,WT,N/A,N/A,N/A,C6,CMS2,PDS1
Male,78,3,T3,N2,M0,proximal,Y,N/A,0,67,0,67,pMMR,-,+,WT,N/A,N/A,N/A,WT,N/A,N/A,N/A,WT,N/A,N/A,N/A,C5,CMS4,PDS2
Female,57,3,T3,N1,M0,distal,Y,N/A,0,53,0,53,pMMR,-,+,M,c.524G>A,c.524G>A,p.R175H,WT,N/A,N/A,N/A,WT,N/A,N/A,N/A,C1,CMS2,PDS1
Female,66,3,T3,N2,M0,distal,Y,N/A,0,54,0,54,pMMR,N/A,+,M,EX5.c.473G>A'+'  EX8.c.817C>T,EX5.c.473G>A'+'  EX8.c.817C>T,EX5.p.R158H'+'  EX8.p.R273C,WT,N/A,N/A,N/A,WT,N/A,N/A,N/A,C1,CMS2,PDS1
Male,78,2,N/A,N/A,N/A,distal,Y,N/A,1,4,0,44,pMMR,-,N/A,M,c.817C>A,c.817C>A,p.R273S,WT,N/A,N/A,N/A,WT,N/A,N/A,N/A,C5,CMS2,PDS2
Male,76,2,N/A,N/A,N/A,distal,N,N/A,1,7,1,35,pMMR,-,+,WT,N/A,N/A,N/A,WT,N/A,N/A,N/A,WT,N/A,N/A,N/A,C5,CMS2,PDS2
Male,74,2,N/A,N/A,N/A,distal,N,N/A,1,0,0,42,pMMR,-,+,WT,N/A,N/A,N/A,M,c.35G>A,c.35G>A,p.G12D,WT,N/A,N/A,N/A,C6,UNK,PDS3
Male,65,3,T3,N1,M0,distal,Y,N/A,1,34,0,82,pMMR,-,+,M,c.818G>A,c.818G>A,p.R273H,WT,N/A,N/A,N/A,WT,N/A,N/A,N/A,C5,CMS2,PDS1
Male,65,3,T3,N1,M0,distal,Y,N/A,0,57,0,57,pMMR,-,+,M,c.526T>A,c.526T>A,p.C176S,WT,N/A,N/A,N/A,WT,N/A,N/A,N/A,C5,CMS2,PDS3
Female,73,3,T4,N2,M0,proximal,Y,N/A,0,47,0,47,pMMR,+,N/A,M,c.817C>T,c.817C>T,p.R273C,M,c.35G>T,c.35G>T,p.G12V,WT,N/A,N/A,N/A,C5,UNK,PDS1
Male,81,3,T3,N1,M0,proximal,N,N/A,0,1,0,1,dMMR,+,-,WT,N/A,N/A,N/A,WT,N/A,N/A,N/A,M,N/A,N/A,N/A,C2,CMS1,PDS2
Female,75,2,T3,N0,M0,proximal,N,N/A,0,65,0,65,dMMR,+,-,WT,N/A,N/A,N/A,WT,N/A,N/A,N/A,M,N/A,N/A,N/A,C2,UNK,PDS1
Female,69,2,T3,N0,M0,proximal,N,N/A,0,57,0,57,dMMR,-,-,WT,N/A,N/A,N/A,WT,N/A,N/A,N/A,WT,N/A,N/A,N/A,C2,UNK,PDS1
Male,78,2,T3,N0,M0,proximal,N,N/A,0,33,1,33,dMMR,+,-,WT,N/A,N/A,N/A,WT,N/A,N/A,N/A,M,N/A,N/A,N/A,C2,CMS1,PDS2
Male,74,3,T4,N2,M0,proximal,Y,5FU,1,20,1,25,dMMR,N/A,-,WT,N/A,N/A,N/A,WT,N/A,N/A,N/A,WT,N/A,N/A,N/A,C2,CMS1,PDS2
Male,51,2,T3,N0,M0,distal,Y,FUFOL,0,37,0,37,pMMR,+,+,WT,N/A,N/A,N/A,WT,N/A,N/A,N/A,WT,N/A,N/A,N/A,C2,UNK,PDS1
Male,57,2,T4,N0,M0,proximal,N,N/A,0,20,0,20,dMMR,+,-,WT,N/A,N/A,N/A,M,c.35G>A,c.35G>A,p.G12D,WT,N/A,N/A,N/A,C3,CMS3,PDS3
Male,68,2,T3,N0,M0,proximal,N,N/A,0,1,0,1,pMMR,+,-,WT,N/A,N/A,N/A,WT,N/A,N/A,N/A,M,N/A,N/A,N/A,C3,CMS3,PDS3
Female,81,2,T3,N0,M0,distal,N,N/A,0,0,0,0,dMMR,-,+,WT,N/A,N/A,N/A,M,c.35G>A,c.35G>A,p.G12D,WT,N/A,N/A,N/A,C2,CMS1,PDS1
Male,55,3,T3,N1,M0,distal,Y,FOLFOX,0,27,0,27,pMMR,-,+,WT,N/A,N/A,N/A,WT,N/A,N/A,N/A,WT,N/A,N/A,N/A,C1,CMS2,PDS1
Male,67,2,T3,N0,M0,distal,N,N/A,0,15,0,15,pMMR,-,+,WT,N/A,N/A,N/A,WT,N/A,N/A,N/A,WT,N/A,N/A,N/A,C5,CMS2,PDS1
Female,57,3,T2,N1,M0,distal,Y,FOLFOX,0,7,0,7,pMMR,-,+,WT,N/A,N/A,N/A,M,g.34G>T,g.34G>T,p.G12C,WT,N/A,N/A,N/A,C5,CMS4,PDS2
Female,53,3,T2,N1,M0,distal,Y,FOLFOX,0,19,0,19,pMMR,-,+,WT,N/A,N/A,N/A,WT,N/A,N/A,N/A,WT,N/A,N/A,N/A,C5,UNK,Mixed
Male,59,2,T3,N0,M0,distal,N,N/A,0,14,0,14,pMMR,-,-,WT,N/A,N/A,N/A,WT,N/A,N/A,N/A,WT,N/A,N/A,N/A,C4,UNK,PDS1
Male,61,2,T3,N0,M0,distal,N,N/A,0,17,1,17,dMMR,-,-,WT,N/A,N/A,N/A,WT,N/A,N/A,N/A,WT,N/A,N/A,N/A,C2,UNK,PDS1
Male,66,2,T3,N0,M0,distal,N,N/A,0,2,0,2,pMMR,-,+,WT,N/A,N/A,N/A,M,g.35G>C,g.35G>C,p.G12A,WT,N/A,N/A,N/A,C1,CMS2,Mixed
Female,92,3,T3,N1,M0,distal,N,N/A,0,0,0,0,pMMR,-,+,WT,N/A,N/A,N/A,WT,N/A,N/A,N/A,WT,N/A,N/A,N/A,C5,CMS2,Mixed
Male,79,2,T4,N0,M0,distal,N,N/A,0,6,0,6,pMMR,-,+,WT,N/A,N/A,N/A,WT,N/A,N/A,N/A,WT,N/A,N/A,N/A,C1,CMS2,Mixed
Male,58,2,T3,N0,M0,proximal,N,N/A,0,14,0,14,pMMR,+,+,WT,N/A,N/A,N/A,WT,N/A,N/A,N/A,WT,N/A,N/A,N/A,C1,CMS2,PDS3
Male,52,3,T3,N1,M0,distal,Y,FOLFOX,0,12,0,12,pMMR,-,+,WT,N/A,N/A,N/A,M,g.35G>T,g.35G>T,p.G12V,WT,N/A,N/A,N/A,C5,CMS2,PDS1
Female,81,2,T3,N0,M0,proximal,N,N/A,0,5,0,5,pMMR,-,+,WT,N/A,N/A,N/A,WT,N/A,N/A,N/A,WT,N/A,N/A,N/A,C5,CMS4,PDS2
Female,88,2,T4,N0,M0,distal,N,N/A,1,9,1,21,pMMR,-,+,WT,N/A,N/A,N/A,M,g.35G>A,g.35G>A,p.G12D,WT,N/A,N/A,N/A,C1,UNK,PDS1
Female,77,2,T4,N0,M0,distal,N,N/A,0,0,1,0,pMMR,-,+,WT,N/A,N/A,N/A,WT,N/A,N/A,N/A,WT,N/A,N/A,N/A,C1,CMS2,PDS3
Female,72,2,T4,N0,M0,distal,Y,5FU,0,29,0,29,pMMR,-,+,WT,N/A,N/A,N/A,M,g.35G>T,g.35G>T,p.G12V,WT,N/A,N/A,N/A,C3,CMS3,PDS3
Female,79,3,T4,N1,M0,proximal,N,N/A,0,7,1,7,dMMR,+,+,WT,N/A,N/A,N/A,WT,N/A,N/A,N/A,M,N/A,N/A,N/A,C2,CMS1,Mixed
Female,88,2,T4,N0,MX,distal,N/A,N/A,0,5,0,5,dMMR,+,-,WT,N/A,N/A,N/A,WT,N/A,N/A,N/A,M,N/A,N/A,N/A,C4,CMS4,PDS2
Male,32,3,T2,N1,M0,distal,Y,5FU,0,76,0,76,dMMR,+,-,WT,N/A,N/A,N/A,WT,N/A,N/A,N/A,WT,N/A,N/A,N/A,C2,CMS1,Mixed
Male,46,2,T3,N0,M0,proximal,N,N/A,0,73,0,73,dMMR,-,-,WT,N/A,N/A,N/A,WT,N/A,N/A,N/A,WT,N/A,N/A,N/A,C2,CMS1,PDS1
Female,78,3,T3,N1,M0,proximal,Y,5FU,0,60,0,60,dMMR,+,-,WT,N/A,N/A,N/A,WT,N/A,N/A,N/A,M,N/A,N/A,N/A,C2,CMS1,PDS1
Male,82,2,T3,N0,M0,distal,N,N/A,0,67,1,67,pMMR,-,+,WT,N/A,N/A,N/A,WT,N/A,N/A,N/A,WT,N/A,N/A,N/A,C1,CMS2,Mixed
Male,67,3,T2,N1,M0,distal,Y,FUFOL,0,48,0,48,pMMR,-,+,WT,N/A,N/A,N/A,M,g.35G>A,g.35G>A,p.G12D,WT,N/A,N/A,N/A,C3,CMS3,PDS3
Female,75,2,T4,N0,M0,proximal,N,N/A,0,65,0,65,dMMR,+,-,WT,N/A,N/A,N/A,WT,N/A,N/A,N/A,M,N/A,N/A,N/A,C2,CMS1,PDS1
Male,92,3,T4,N1,M0,proximal,N,N/A,1,13,1,14,pMMR,-,+,WT,N/A,N/A,N/A,M,g.34G>T,g.34G>T,p.G12C,WT,N/A,N/A,N/A,C5,CMS2,PDS1
Female,91,3,T4,N2,M0,proximal,N,N/A,0,57,0,57,dMMR,+,-,WT,N/A,N/A,N/A,WT,N/A,N/A,N/A,M,N/A,N/A,N/A,C2,CMS1,PDS2
Male,76,2,T4,N0,M0,proximal,N,N/A,1,3,1,4,dMMR,+,-,WT,N/A,N/A,N/A,WT,N/A,N/A,N/A,M,N/A,N/A,N/A,C4,CMS4,PDS2
Male,59,3,T3,N2,M0,proximal,Y,5FU,0,43,0,43,dMMR,-,+,WT,N/A,N/A,N/A,M,c.35G>C,c.35G>C,N/A,WT,N/A,N/A,N/A,C2,CMS1,Mixed
Female,88,2,T4,N0,M0,proximal,N,N/A,0,51,0,51,dMMR,+,N/A,WT,N/A,N/A,N/A,WT,N/A,N/A,N/A,M,N/A,N/A,N/A,C2,CMS1,PDS1
Female,67,3,T3,N1,M0,proximal,Y,5FU,0,52,0,52,dMMR,+,+,WT,N/A,N/A,N/A,WT,N/A,N/A,N/A,M,N/A,N/A,N/A,C4,CMS1,PDS2
Female,79,2,T4,N0,M0,proximal,N,N/A,0,46,1,46,dMMR,+,+,WT,N/A,N/A,N/A,M,c.39C>T,c.39C>T,p.G13D,WT,N/A,N/A,N/A,C2,CMS1,PDS2
Male,65,2,T3,N0,M0,proximal,N,N/A,0,51,0,51,dMMR,+,-,WT,N/A,N/A,N/A,WT,N/A,N/A,N/A,WT,N/A,N/A,N/A,C2,CMS1,PDS2
Male,71,2,T2,N0,M0,distal,N,N/A,0,2,1,2,dMMR,+,-,WT,N/A,N/A,N/A,WT,N/A,N/A,N/A,WT,N/A,N/A,N/A,C2,CMS1,PDS3
Male,24,2,T3,N0,M0,proximal,N,N/A,0,37,0,37,dMMR,+,-,WT,N/A,N/A,N/A,M,c.38G>A,c.38G>A,p.G13D,WT,N/A,N/A,N/A,C2,CMS1,PDS1
Male,77,2,T3,N0,M0,proximal,N,N/A,0,43,0,43,dMMR,+,-,WT,N/A,N/A,N/A,WT,N/A,N/A,N/A,WT,N/A,N/A,N/A,C2,CMS1,PDS2
Male,46,3,T4,N2,M0,distal,Y,FOLFOX,1,10,0,32,dMMR,-,-,WT,N/A,N/A,N/A,M,c.38G>A,c.38G>A,p.G13D,WT,N/A,N/A,N/A,C4,CMS4,Mixed
Female,62,2,T3,N0,M0,proximal,N,N/A,0,25,0,25,dMMR,N/A,-,WT,N/A,N/A,N/A,WT,N/A,N/A,N/A,M,N/A,N/A,N/A,C2,CMS1,PDS2
Male,74,2,T3,N0,M0,distal,N,N/A,0,25,0,25,dMMR,N/A,+,WT,N/A,N/A,N/A,WT,N/A,N/A,N/A,M,N/A,N/A,N/A,C2,CMS1,PDS2
Male,68,3,T4,N1,M0,proximal,Y,5FU,0,61,0,61,pMMR,-,+,WT,N/A,N/A,N/A,M,g.35G>T,g.35G>T,p.G12V,WT,N/A,N/A,N/A,C3,CMS3,PDS3
Female,83,2,T3,N0,M0,proximal,N,N/A,0,9,0,9,dMMR,N/A,-,WT,N/A,N/A,N/A,WT,N/A,N/A,N/A,WT,N/A,N/A,N/A,C2,CMS1,Mixed
Male,74,3,T3,N2,M0,distal,N,N/A,0,105,1,105,pMMR,-,+,M,N/A,N/A,N/A,WT,N/A,N/A,N/A,WT,N/A,N/A,N/A,C6,UNK,Mixed
Male,79,3,T4,N1,M0,proximal,N,N/A,0,27,1,27,pMMR,-,+,WT,N/A,N/A,N/A,M,EX2.codon12,EX2.codon12,N/A,WT,N/A,N/A,N/A,C1,CMS2,Mixed
Female,60,2,T3,N0,M0,distal,Y,FUFOL,0,30,0,30,pMMR,-,-,WT,N/A,N/A,N/A,M,EX2.codon12,EX2.codon12,N/A,WT,N/A,N/A,N/A,C3,CMS3,PDS3
Female,82,3,T4,N2,M0,proximal,N,N/A,0,31,0,31,dMMR,+,-,WT,N/A,N/A,N/A,WT,N/A,N/A,N/A,M,c.1799T>A,c.1799T>A,p.V600E,C2,CMS1,PDS2
Male,70,2,T3,N0,M0,distal,Y,5FU,0,56,0,56,pMMR,-,+,M,N/A,N/A,N/A,WT,N/A,N/A,N/A,WT,N/A,N/A,N/A,C1,CMS2,Mixed
Female,71,2,T3,N0,M0,proximal,Y,FUFOL,0,82,0,82,pMMR,-,+,WT,N/A,N/A,N/A,WT,N/A,N/A,N/A,WT,N/A,N/A,N/A,C1,CMS2,PDS1
Female,79,3,T3,N1,M0,proximal,N,N/A,0,92,0,92,pMMR,+,+,WT,N/A,N/A,N/A,WT,N/A,N/A,N/A,WT,N/A,N/A,N/A,C2,CMS1,PDS2
Male,78,2,T3,N0,M0,proximal,Y,FUFOL,0,95,0,95,pMMR,-,+,WT,N/A,N/A,N/A,WT,N/A,N/A,N/A,WT,N/A,N/A,N/A,C1,CMS2,PDS1
Female,80,3,T3,N1,M0,proximal,N,N/A,0,25,0,25,pMMR,-,+,M,N/A,N/A,N/A,M,EX2.codon12,EX2.codon12,N/A,WT,N/A,N/A,N/A,C1,UNK,Mixed
Male,55,2,T3,N0,M0,distal,Y,5FU,0,106,0,106,pMMR,+,+,WT,N/A,N/A,N/A,WT,N/A,N/A,N/A,WT,N/A,N/A,N/A,C5,CMS1,Mixed
Male,71,2,T3,N0,M0,distal,N,N/A,0,97,1,97,pMMR,-,+,M,N/A,N/A,N/A,WT,N/A,N/A,N/A,WT,N/A,N/A,N/A,C5,CMS2,PDS1
Female,86,3,T3,N1,M0,proximal,N,N/A,0,46,0,46,dMMR,+,-,WT,N/A,N/A,N/A,WT,N/A,N/A,N/A,M,c.1799T>A,c.1799T>A,p.V600E,C2,CMS1,PDS1
Female,77,2,T3,N0,M0,proximal,N,N/A,0,83,0,83,dMMR,+,+,WT,N/A,N/A,N/A,WT,N/A,N/A,N/A,M,c.1799T>A,c.1799T>A,p.V600E,C2,CMS1,PDS1
Male,85,2,T3,N0,M0,proximal,N,N/A,1,5,1,30,dMMR,+,+,WT,N/A,N/A,N/A,WT,N/A,N/A,N/A,M,c.1799T>A,c.1799T>A,p.V600E,C2,CMS1,PDS1
Female,84,2,T3,N0,M0,proximal,N,N/A,0,36,1,36,pMMR,-,+,WT,N/A,N/A,N/A,M,EX2.codon13,EX2.codon13,N/A,WT,N/A,N/A,N/A,C1,CMS2,PDS1
Female,71,2,T3,N0,M0,distal,Y,FUFOL,0,78,1,78,pMMR,-,+,M,N/A,N/A,N/A,M,EX2.codon12,EX2.codon12,N/A,WT,N/A,N/A,N/A,C1,CMS2,PDS1
Male,64,3,T2,N1,M0,distal,N,N/A,1,10,1,58,pMMR,-,+,M,N/A,N/A,N/A,M,EX2.codon12,EX2.codon12,N/A,WT,N/A,N/A,N/A,C6,CMS2,PDS3
Male,52,3,T3,N2,M0,distal,N,N/A,0,9,0,9,pMMR,-,+,M,N/A,N/A,N/A,WT,N/A,N/A,N/A,WT,N/A,N/A,N/A,C6,CMS2,Mixed
Male,46,2,T3,N0,M0,distal,Y,FUFOL,1,66,1,86,pMMR,-,+,WT,N/A,N/A,N/A,M,EX2.codon12,EX2.codon12,N/A,WT,N/A,N/A,N/A,C1,CMS2,Mixed
Female,67,3,T3,N1,M0,distal,Y,5FU,0,80,0,80,pMMR,-,+,M,N/A,N/A,N/A,WT,N/A,N/A,N/A,WT,N/A,N/A,N/A,C5,CMS2,PDS1
Male,72,2,T3,N0,M0,distal,N,N/A,0,82,0,82,pMMR,-,+,WT,N/A,N/A,N/A,M,EX2.codon13,EX2.codon13,N/A,WT,N/A,N/A,N/A,C5,CMS2,PDS1
Male,55,3,T3,N1,M0,proximal,N,N/A,1,53,0,71,pMMR,+,N/A,WT,N/A,N/A,N/A,M,EX2.codon12,EX2.codon12,N/A,WT,N/A,N/A,N/A,C3,CMS1,PDS1
Female,71,2,T3,N0,M0,distal,Y,FUFOL,0,85,0,85,pMMR,-,+,M,N/A,N/A,N/A,M,EX2.codon13,EX2.codon13,N/A,WT,N/A,N/A,N/A,C3,CMS3,PDS3
Male,60,2,T3,N0,M0,proximal,N,N/A,0,83,0,83,pMMR,-,+,WT,N/A,N/A,N/A,WT,N/A,N/A,N/A,WT,N/A,N/A,N/A,C2,CMS1,PDS2
Male,74,3,T3,N2,M0,distal,Y,FUFOL,1,78,0,82,pMMR,-,+,WT,N/A,N/A,N/A,WT,N/A,N/A,N/A,WT,N/A,N/A,N/A,C5,CMS2,Mixed
Male,61,2,T3,N0,M0,distal,N,N/A,0,78,0,78,pMMR,-,+,WT,N/A,N/A,N/A,WT,N/A,N/A,N/A,WT,N/A,N/A,N/A,C6,UNK,PDS3
Female,79,2,T3,N0,M0,proximal,N,N/A,0,86,0,86,dMMR,-,-,WT,N/A,N/A,N/A,M,EX2.codon12,EX2.codon12,N/A,WT,N/A,N/A,N/A,C2,CMS1,PDS2
Male,79,2,T3,N0,M0,distal,N,N/A,0,75,1,75,pMMR,-,+,WT,N/A,N/A,N/A,WT,N/A,N/A,N/A,WT,N/A,N/A,N/A,C5,CMS2,Mixed
Female,72,2,T3,N0,M0,distal,N,N/A,0,87,0,87,dMMR,+,-,M,N/A,N/A,N/A,WT,N/A,N/A,N/A,M,c.1799T>A,c.1799T>A,p.V600E,C2,CMS1,PDS1
Male,49,2,T3,N0,M0,distal,Y,FUFOL,0,80,0,80,pMMR,-,+,M,N/A,N/A,N/A,WT,N/A,N/A,N/A,WT,N/A,N/A,N/A,C1,CMS2,PDS1
Female,79,3,T3,N2,M0,proximal,Y,5FU,0,77,0,77,dMMR,+,+,WT,N/A,N/A,N/A,WT,N/A,N/A,N/A,M,c.1799T>A,c.1799T>A,p.V600E,C2,CMS1,PDS2
Male,63,3,T3,N1,M0,distal,Y,5FU,0,50,0,50,pMMR,-,+,M,N/A,N/A,N/A,WT,N/A,N/A,N/A,WT,N/A,N/A,N/A,C6,CMS2,PDS1
Female,80,3,T3,N1,M0,proximal,N,N/A,0,41,1,41,dMMR,+,-,WT,N/A,N/A,N/A,WT,N/A,N/A,N/A,M,c.1799T>A,c.1799T>A,p.V600E,C2,CMS1,PDS2
Male,69,2,T3,N0,M0,distal,Y,FUFOL,0,74,0,74,pMMR,-,+,M,N/A,N/A,N/A,WT,N/A,N/A,N/A,WT,N/A,N/A,N/A,C6,CMS2,Mixed
Male,67,3,T3,N1,M0,proximal,Y,5FU,0,76,0,76,pMMR,-,+,M,N/A,N/A,N/A,M,EX2.codon12,EX2.codon12,N/A,WT,N/A,N/A,N/A,C1,CMS2,PDS1
Male,75,2,T3,N0,M0,distal,N,N/A,1,48,0,84,pMMR,-,+,WT,N/A,N/A,N/A,WT,N/A,N/A,N/A,WT,N/A,N/A,N/A,C5,CMS2,PDS3
Female,89,3,T3,N1,M0,distal,N,N/A,0,69,0,69,pMMR,-,+,M,N/A,N/A,N/A,WT,N/A,N/A,N/A,WT,N/A,N/A,N/A,C5,CMS2,PDS1
Male,86,2,T3,N0,M0,proximal,N,N/A,0,52,1,52,pMMR,-,+,M,N/A,N/A,N/A,M,EX2.codon12,EX2.codon12,N/A,WT,N/A,N/A,N/A,C5,CMS2,PDS1
Female,70,2,T3,N0,M0,distal,N,N/A,0,75,0,75,pMMR,-,+,M,N/A,N/A,N/A,WT,N/A,N/A,N/A,WT,N/A,N/A,N/A,C5,CMS2,PDS1
Male,83,3,T3,N2,M0,proximal,N,N/A,1,41,1,42,pMMR,-,+,WT,N/A,N/A,N/A,M,EX2.codon12,EX2.codon12,N/A,WT,N/A,N/A,N/A,C4,CMS4,PDS2
Female,82,3,T3,N1,M0,distal,N,N/A,0,72,1,72,dMMR,+,-,M,N/A,N/A,N/A,WT,N/A,N/A,N/A,M,c.1799T>A,c.1799T>A,p.V600E,C2,CMS1,PDS1
Female,73,2,T3,N0,M0,distal,N,N/A,0,7,0,7,pMMR,-,+,M,N/A,N/A,N/A,WT,N/A,N/A,N/A,WT,N/A,N/A,N/A,C5,CMS2,PDS1
Male,60,2,T3,N0,M0,distal,Y,FUFOL,0,62,0,62,pMMR,-,N/A,WT,N/A,N/A,N/A,M,EX2.codon12,EX2.codon12,N/A,WT,N/A,N/A,N/A,C1,UNK,PDS1
Female,79,3,T4,N1,M0,proximal,Y,FUFOL,0,5,1,5,pMMR,-,-,WT,N/A,N/A,N/A,M,EX2.codon12,EX2.codon12,N/A,WT,N/A,N/A,N/A,C4,CMS4,PDS2
Female,84,3,T3,N1,M0,distal,N,N/A,0,9,1,9,pMMR,-,-,WT,N/A,N/A,N/A,WT,N/A,N/A,N/A,WT,N/A,N/A,N/A,C3,CMS3,PDS1
Male,71,2,T4,N0,M0,distal,N,N/A,0,24,0,24,N/A,-,+,WT,N/A,N/A,N/A,WT,N/A,N/A,N/A,WT,N/A,N/A,N/A,C6,CMS2,PDS3
Male,66,3,T3,N2,M0,distal,Y,FUFOL,1,74,0,139,pMMR,-,+,M,N/A,N/A,N/A,WT,N/A,N/A,N/A,WT,N/A,N/A,N/A,C5,CMS4,PDS2
Female,46,2,T4,N0,M0,proximal,Y,FUFOL,0,133,0,133,dMMR,-,-,WT,N/A,N/A,N/A,M,EX2.codon12,EX2.codon12,N/A,WT,N/A,N/A,N/A,C2,CMS1,PDS1
Female,68,3,T3,N2,M0,proximal,N,N/A,1,23,1,95,pMMR,-,+,M,N/A,N/A,N/A,WT,N/A,N/A,N/A,WT,N/A,N/A,N/A,C2,UNK,PDS1
Male,72,2,T3,N0,M0,distal,Y,FUFOL,1,17,1,34,pMMR,-,+,M,N/A,N/A,N/A,M,EX2.codon12,EX2.codon12,N/A,WT,N/A,N/A,N/A,C5,UNK,PDS2
Female,73,2,T3,N0,M0,distal,N,N/A,0,53,1,53,pMMR,-,+,M,N/A,N/A,N/A,WT,N/A,N/A,N/A,WT,N/A,N/A,N/A,C1,CMS2,PDS1
Female,88,2,T3,N0,M0,distal,N,N/A,0,42,1,42,pMMR,-,-,WT,N/A,N/A,N/A,WT,N/A,N/A,N/A,WT,N/A,N/A,N/A,C6,CMS3,Mixed
Female,53,2,T3,N0,M0,distal,Y,FUFOL,0,81,0,81,pMMR,-,+,M,N/A,N/A,N/A,WT,N/A,N/A,N/A,WT,N/A,N/A,N/A,C5,CMS2,PDS1
Female,56,2,T3,N0,M0,proximal,Y,FUFOL,1,12,1,30,pMMR,-,-,WT,N/A,N/A,N/A,WT,N/A,N/A,N/A,WT,N/A,N/A,N/A,C6,CMS4,PDS2
Female,54,3,T3,N1,M0,distal,Y,FUFOL,0,141,0,141,pMMR,-,+,M,N/A,N/A,N/A,WT,N/A,N/A,N/A,WT,N/A,N/A,N/A,C5,CMS1,PDS1
Female,72,3,T4,N2,M0,distal,Y,5FU,1,18,1,19,pMMR,+,+,M,N/A,N/A,N/A,M,EX2.codon12,EX2.codon12,N/A,WT,N/A,N/A,N/A,C4,CMS4,PDS2
Male,50,3,T3,N1,M0,proximal,Y,5FU,0,98,0,98,pMMR,-,+,M,N/A,N/A,N/A,M,EX2.codon12,EX2.codon12,N/A,WT,N/A,N/A,N/A,C1,CMS2,PDS1
Female,68,3,T3,N1,M0,distal,Y,FUFOL,0,140,0,140,pMMR,-,+,M,N/A,N/A,N/A,M,EX2.codon12,EX2.codon12,N/A,WT,N/A,N/A,N/A,C5,CMS2,PDS1
Female,71,3,T3,N1,M0,proximal,Y,FUFOL,0,103,0,103,pMMR,+,+,M,N/A,N/A,N/A,M,EX2.codon13,EX2.codon13,N/A,WT,N/A,N/A,N/A,C3,CMS3,PDS1
Female,59,3,T3,N2,M0,proximal,Y,FUFOL,0,47,0,47,pMMR,+,+,M,N/A,N/A,N/A,M,EX2.codon12,EX2.codon12,N/A,WT,N/A,N/A,N/A,C4,CMS1,PDS2
Male,50,3,T3,N2,M0,proximal,Y,FOLFOX,1,14,1,24,pMMR,-,+,WT,N/A,N/A,N/A,M,EX2.codon12,EX2.codon12,N/A,WT,N/A,N/A,N/A,C6,CMS1,PDS3
Male,72,3,T3,N1,M0,distal,Y,FUFOL,0,95,0,95,pMMR,-,+,M,c.857A>T,c.857A>T,p.E286V,M,c.35G>A,c.35G>A,p.G12D,WT,N/A,N/A,N/A,C4,CMS4,PDS2
Female,70,3,T3,N1,M0,distal,Y,FUFOL,0,92,0,92,pMMR,-,+,M,c.695T>C,c.695T>C,p.I232T,WT,N/A,N/A,N/A,WT,N/A,N/A,N/A,C1,CMS2,PDS1
Male,58,3,T3,N2,M0,distal,Y,FUFOL,1,18,1,102,pMMR,-,+,M,N/A,N/A,N/A,WT,N/A,N/A,N/A,WT,N/A,N/A,N/A,C5,CMS4,PDS2
Female,73,3,T3,N1,M0,distal,Y,FUFOL,1,32,1,71,pMMR,-,+,M,N/A,N/A,N/A,WT,N/A,N/A,N/A,WT,N/A,N/A,N/A,C1,CMS2,Mixed
Male,47,3,T3,N1,M0,proximal,Y,FOLFIRI,0,81,0,81,pMMR,-,+,M,N/A,N/A,N/A,WT,N/A,N/A,N/A,WT,N/A,N/A,N/A,C5,CMS2,Mixed
Male,59,3,T4,N2,M0,proximal,Y,5FU,1,33,1,50,pMMR,-,+,M,N/A,N/A,N/A,M,EX2.codon12,EX2.codon12,N/A,WT,N/A,N/A,N/A,C1,CMS2,PDS3
Male,66,3,T3,N1,M0,proximal,Y,FUFOL,1,37,0,79,pMMR,-,+,M,N/A,N/A,N/A,WT,N/A,N/A,N/A,WT,N/A,N/A,N/A,C5,CMS2,PDS3
Male,65,3,T1,N1,M0,distal,Y,FUFOL,0,90,0,90,pMMR,-,+,WT,N/A,N/A,N/A,WT,N/A,N/A,N/A,WT,N/A,N/A,N/A,C6,UNK,Mixed
Female,46,3,T3,N1,M0,proximal,Y,FUFOL,0,117,0,117,pMMR,+,+,WT,N/A,N/A,N/A,M,EX2.codon12,EX2.codon12,N/A,WT,N/A,N/A,N/A,C4,CMS4,PDS2
Female,73,3,T3,N2,M0,distal,Y,5FU,0,87,0,87,pMMR,-,+,M,N/A,N/A,N/A,WT,N/A,N/A,N/A,WT,N/A,N/A,N/A,C5,CMS4,PDS3
Female,59,3,T3,N1,M0,distal,Y,5FU,0,82,0,82,pMMR,-,+,WT,N/A,N/A,N/A,WT,N/A,N/A,N/A,WT,N/A,N/A,N/A,C5,CMS4,PDS2
Male,78,3,T3,N2,M0,proximal,Y,FUFOL,0,86,0,86,pMMR,-,+,WT,N/A,N/A,N/A,WT,N/A,N/A,N/A,WT,N/A,N/A,N/A,C5,CMS4,PDS3
Female,63,3,T2,N1,M0,distal,Y,FUFOL,0,95,0,95,pMMR,-,+,M,N/A,N/A,N/A,M,EX2.codon12,EX2.codon12,N/A,WT,N/A,N/A,N/A,C3,CMS3,PDS3
Female,64,3,T3,N2,M0,proximal,Y,5FU,1,6,1,15,pMMR,-,+,M,N/A,N/A,N/A,M,EX2.codon12,EX2.codon12,N/A,WT,N/A,N/A,N/A,C4,CMS4,PDS2
Male,63,2,T3,N0,M0,distal,Y,FUFOL,1,27,1,48,pMMR,-,+,M,N/A,N/A,N/A,WT,N/A,N/A,N/A,WT,N/A,N/A,N/A,C5,UNK,PDS3
Male,58,2,T3,N0,M0,proximal,N,N/A,1,37,1,38,pMMR,-,+,M,c.466C>T'+'  c.524G>A,c.466C>T'+'  c.524G>A,p.R156C'+'  p.R175H,M,c.35G>A,c.35G>A,p.G12D,WT,N/A,N/A,N/A,C5,CMS2,PDS1
Female,70,2,T3,N0,M0,distal,N,N/A,0,92,0,92,pMMR,-,+,M,N/A,N/A,N/A,WT,N/A,N/A,N/A,WT,N/A,N/A,N/A,C6,CMS2,PDS3
Male,61,2,T3,N0,M0,distal,N,N/A,0,106,1,106,pMMR,-,+,M,N/A,N/A,N/A,WT,N/A,N/A,N/A,WT,N/A,N/A,N/A,C5,UNK,Mixed
Male,70,2,T3,N0,M0,distal,N,N/A,0,63,0,63,pMMR,-,+,M,c.469G>T,c.469G>T,p.V157F,WT,N/A,N/A,N/A,WT,N/A,N/A,N/A,C4,CMS4,PDS2
Female,77,2,T3,N0,M0,proximal,N,N/A,0,90,0,90,pMMR,-,+,M,c.530C>G,c.530C>G,p.P177R,M,c.35G>A,c.35G>A,p.G12D,WT,N/A,N/A,N/A,C1,CMS2,PDS1
Male,62,2,T3,N0,M0,distal,N,N/A,1,24,0,123,pMMR,-,+,M,N/A,N/A,N/A,WT,N/A,N/A,N/A,WT,N/A,N/A,N/A,C1,CMS2,PDS1
Female,75,2,T3,N0,M0,distal,N,N/A,0,83,1,83,pMMR,-,+,M,N/A,N/A,N/A,WT,N/A,N/A,N/A,WT,N/A,N/A,N/A,C1,CMS2,PDS1
Male,77,2,T4,N0,M0,proximal,N,N/A,0,93,0,93,pMMR,-,+,WT,N/A,N/A,N/A,M,EX2.codon12,EX2.codon12,N/A,WT,N/A,N/A,N/A,C3,CMS3,PDS1
Male,87,3,T3,N1,M0,proximal,N,N/A,1,6,1,8,dMMR,-,-,M,c.785G>A,c.785G>A,p.G262D,M,c.38G>A,c.38G>A,p.G13D,WT,N/A,N/A,N/A,C3,CMS3,PDS3
Male,68,2,T3,N0,M0,proximal,N,N/A,1,43,1,52,dMMR,+,-,WT,N/A,N/A,N/A,WT,N/A,N/A,N/A,M,c.1799T>A,c.1799T>A,p.V600E,C2,CMS1,PDS1
Female,75,2,T4,N0,M0,proximal,N,N/A,1,21,1,44,pMMR,-,+,WT,N/A,N/A,N/A,M,c.436A>T,c.436A>T,p.A146T,WT,N/A,N/A,N/A,C1,CMS2,Mixed
Male,76,2,T3,N0,M0,proximal,N,N/A,1,5,1,47,pMMR,-,+,WT,N/A,N/A,N/A,M,c.351A>C,c.351A>C,p.K117N,WT,N/A,N/A,N/A,C5,CMS2,PDS2
Male,81,3,T3,N1,M0,distal,N,N/A,1,6,1,11,pMMR,-,+,M,c.587C>T,c.587C>T,p.R196X,M,EX2.codon12,EX2.codon12,N/A,WT,N/A,N/A,N/A,C6,UNK,PDS3
Male,64,3,T4,N1,M0,distal,Y,FUFOL,0,147,0,147,pMMR,-,+,M,c.587C>T,c.587C>T,p.R196X,WT,N/A,N/A,N/A,WT,N/A,N/A,N/A,C5,CMS2,Mixed
Male,72,2,T3,N0,M0,proximal,N,N/A,0,107,0,107,pMMR,-,+,WT,N/A,N/A,N/A,WT,N/A,N/A,N/A,WT,N/A,N/A,N/A,C3,CMS3,PDS3
Female,83,2,T3,N0,M0,distal,N,N/A,0,105,0,105,pMMR,-,+,M,c.455C>T,c.455C>T,p.P152L,M,c.34G>A,c.34G>A,p.G12S,WT,N/A,N/A,N/A,C1,CMS2,PDS1
Male,65,2,T3,N0,M0,distal,N,N/A,0,64,1,64,pMMR,-,+,M,c.524G>A,c.524G>A,p.R175H,WT,N/A,N/A,N/A,WT,N/A,N/A,N/A,C1,CMS2,PDS1
Female,54,3,T4,N1,M0,distal,N,N/A,0,90,0,90,pMMR,N/A,+,M,c.524G>A,c.524G>A,p.R175H,WT,N/A,N/A,N/A,WT,N/A,N/A,N/A,C5,CMS2,Mixed
Male,69,2,T3,N0,M0,proximal,N,N/A,0,0,1,0,pMMR,+,-,WT,N/A,N/A,N/A,M,c.38G>A,c.38G>A,N/A,WT,N/A,N/A,N/A,C4,CMS4,PDS2
Male,71,2,T3,N0,M1,proximal,Y,FOLFIRI,1,0,1,31,N/A,-,+,WT,N/A,N/A,N/A,M,c.34G>A,c.34G>A,N/A,WT,N/A,N/A,N/A,C5,CMS4,Mixed
Female,70,2,T3,N0,M0,proximal,N,N/A,0,56,0,56,N/A,-,-,WT,N/A,N/A,N/A,M,c.38G>A,c.38G>A,N/A,WT,N/A,N/A,N/A,C2,CMS1,PDS1
Male,68,2,T3,N0,M0,distal,N,N/A,0,48,0,48,N/A,-,+,WT,N/A,N/A,N/A,WT,N/A,N/A,N/A,WT,N/A,N/A,N/A,C1,CMS2,Mixed
Female,70,2,T4,N0,M0,distal,N,N/A,0,79,1,79,N/A,-,+,WT,N/A,N/A,N/A,WT,N/A,N/A,N/A,WT,N/A,N/A,N/A,C5,UNK,Mixed
Female,66,2,T3,N0,M0,distal,N,N/A,0,106,0,106,N/A,-,+,WT,N/A,N/A,N/A,WT,N/A,N/A,N/A,WT,N/A,N/A,N/A,C2,CMS1,PDS2
Female,42,2,T4,N0,M0,distal,Y,FUFOL,0,132,0,132,N/A,-,+,WT,N/A,N/A,N/A,WT,N/A,N/A,N/A,WT,N/A,N/A,N/A,C5,CMS4,Mixed
Male,66,2,T3,N0,M0,distal,Y,FUFOL,0,32,1,32,N/A,-,+,WT,N/A,N/A,N/A,WT,N/A,N/A,N/A,WT,N/A,N/A,N/A,C5,UNK,PDS2
Female,72,2,T4,N0,M0,distal,N,N/A,0,104,0,104,N/A,-,+,WT,N/A,N/A,N/A,WT,N/A,N/A,N/A,WT,N/A,N/A,N/A,C4,CMS4,PDS2
Female,68,2,T3,N0,M0,distal,N,N/A,0,91,0,91,N/A,-,+,WT,N/A,N/A,N/A,WT,N/A,N/A,N/A,WT,N/A,N/A,N/A,C5,CMS4,PDS2
Female,48,3,T1,N1,M0,distal,Y,N/A,0,125,0,125,pMMR,N/A,N/A,M,N/A,N/A,N/A,M,c.35G>A,c.35G>A,p.G12D,WT,N/A,N/A,N/A,C1,CMS2,PDS1
Male,78,3,T3,N2,M0,proximal,Y,N/A,1,5,1,8,pMMR,N/A,N/A,M,N/A,N/A,N/A,WT,N/A,N/A,N/A,WT,N/A,N/A,N/A,C4,UNK,PDS3
Male,66,3,T3,N1,M0,distal,Y,N/A,1,16,1,20,pMMR,N/A,N/A,M,c.641A>G,c.641A>G,p.H214R,WT,N/A,N/A,N/A,WT,N/A,N/A,N/A,C4,CMS4,PDS2
Female,52,2,T3,N0,M0,distal,N,N/A,0,53,0,53,pMMR,-,+,WT,N/A,N/A,N/A,WT,N/A,N/A,N/A,WT,N/A,N/A,N/A,C1,CMS2,PDS1
Male,69,3,T3,N1,M0,distal,Y,N/A,1,8,1,42,pMMR,N/A,N/A,M,N/A,N/A,N/A,M,c.35G>T,c.35G>T,p.G12V,WT,N/A,N/A,N/A,C1,CMS2,PDS1
Male,49,2,T4,N0,M0,distal,Y,N/A,1,5,1,8,pMMR,-,+,M,EX6'+'  EX8.c.844C>T,EX6'+'  EX8.c.844C>T,EX6'+'  EX8.p.R282W,M,c.35G>A,c.35G>A,p.G12D,WT,N/A,N/A,N/A,C5,CMS4,PDS3
Male,59,2,T3,N0,M0,distal,Y,N/A,0,146,0,146,pMMR,-,+,WT,N/A,N/A,N/A,WT,N/A,N/A,N/A,WT,N/A,N/A,N/A,C5,UNK,Mixed
Male,64,2,T3,N0,M0,distal,N,N/A,0,70,0,70,pMMR,-,-,M,c.637C>T,c.637C>T,p.R213X,WT,N/A,N/A,N/A,WT,N/A,N/A,N/A,C5,CMS2,Mixed
Female,85,3,T3,N2,M0,distal,N,N/A,1,30,1,32,pMMR,-,+,M,c.524G>A,c.524G>A,p.R175H,WT,N/A,N/A,N/A,WT,N/A,N/A,N/A,C5,CMS4,PDS1
Male,83,3,T3,N2,M0,proximal,N,N/A,1,6,1,6,pMMR,+,-,WT,N/A,N/A,N/A,WT,N/A,N/A,N/A,M,c.1799T>A,c.1799T>A,p.V600E,C2,CMS1,PDS2
Male,66,3,N/A,N/A,N/A,distal,N,N/A,1,22,0,28,pMMR,-,+,M,c.581T>G,c.581T>G,p.L194R,WT,N/A,N/A,N/A,WT,N/A,N/A,N/A,C5,CMS4,Mixed
Male,74,2,N/A,N/A,N/A,proximal,N,N/A,1,13,1,37,pMMR,-,+,WT,N/A,N/A,N/A,M,c.35G>T,c.35G>T,p.G12V,WT,N/A,N/A,N/A,C4,CMS4,PDS2
Female,52,2,N/A,N/A,N/A,distal,Y,N/A,1,13,0,40,pMMR,-,N/A,M,c.524G>A,c.524G>A,p.R175H,WT,N/A,N/A,N/A,WT,N/A,N/A,N/A,C6,CMS2,Mixed
Male,70,2,T3,N0,M0,distal,Y,5FU,0,104,0,104,pMMR,-,+,M,c.844C>T,c.844C>T,p.R282W,WT,N/A,N/A,N/A,WT,N/A,N/A,N/A,C6,CMS2,PDS3
Female,72,3,T3,N1,M0,proximal,Y,N/A,0,59,0,59,pMMR,-,N/A,WT,N/A,N/A,N/A,M,c.35G>A,c.35G>A,p.G12D,WT,N/A,N/A,N/A,C2,UNK,Mixed
Male,49,2,T3,N0,M0,proximal,Y,N/A,0,81,0,81,pMMR,-,+,M,c.517G>T,c.517G>T,p.V173L,WT,N/A,N/A,N/A,WT,N/A,N/A,N/A,C6,UNK,PDS3
Male,63,2,T3,N0,M0,distal,N,N/A,0,53,0,53,pMMR,-,+,M,c.713G>C,c.713G>C,p.C238S,WT,N/A,N/A,N/A,WT,N/A,N/A,N/A,C5,CMS2,PDS3
Male,62,3,T3,N2,M0,distal,Y,N/A,0,55,0,55,pMMR,-,+,M,c.853G>A,c.853G>A,p.E285K,WT,N/A,N/A,N/A,WT,N/A,N/A,N/A,C5,CMS4,Mixed
Male,64,3,T4,N2,M0,distal,Y,N/A,0,62,0,62,pMMR,-,+,M,c.517G>A,c.517G>A,p.V173M,M,c.35G>A,c.35G>A,p.G12D,WT,N/A,N/A,N/A,C3,CMS3,PDS3
Female,43,2,T3,N0,M0,proximal,Y,N/A,0,53,0,53,pMMR,+,-,WT,N/A,N/A,N/A,WT,N/A,N/A,N/A,WT,N/A,N/A,N/A,C2,CMS1,PDS2
Male,59,3,T3,N1,M0,proximal,Y,N/A,0,54,0,54,pMMR,-,+,WT,N/A,N/A,N/A,M,c.38G>A,c.38G>A,p.G13D,WT,N/A,N/A,N/A,C5,CMS4,Mixed
Male,71,3,N/A,N/A,N/A,distal,Y,N/A,1,19,0,55,pMMR,-,+,M,FS,FS,FS,M,c.35G>T,c.35G>T,p.G12V,WT,N/A,N/A,N/A,C6,UNK,PDS3
Male,85,3,N/A,N/A,N/A,distal,N,N/A,1,3,1,16,pMMR,N/A,N/A,WT,N/A,N/A,N/A,WT,N/A,N/A,N/A,WT,N/A,N/A,N/A,C4,CMS4,PDS2
Male,70,2,N/A,N/A,N/A,distal,N,N/A,1,19,1,42,pMMR,N/A,N/A,M,FS,FS,FS,WT,N/A,N/A,N/A,WT,N/A,N/A,N/A,C1,CMS2,PDS1
Male,71,3,N/A,N/A,N/A,distal,Y,N/A,1,14,0,40,pMMR,-,+,M,c.844C>T,c.844C>T,p.R282W,WT,N/A,N/A,N/A,WT,N/A,N/A,N/A,C1,CMS2,PDS3
Male,81,2,N/A,N/A,N/A,distal,N,N/A,1,2,1,18,pMMR,-,+,M,c.569C>T,c.569C>T,p.P190L,M,c.35G>T,c.35G>T,p.G12V,WT,N/A,N/A,N/A,C1,CMS2,PDS1
Male,50,2,T3,N0,M0,distal,Y,N/A,0,52,0,52,pMMR,-,N/A,M,c.404G>C,c.404G>C,p.C135S,M,c.35G>A,c.35G>A,p.G12D,WT,N/A,N/A,N/A,C4,CMS4,PDS2
Male,49,2,T3,N0,M0,distal,N,N/A,0,48,0,48,dMMR,+,-,WT,N/A,N/A,N/A,WT,N/A,N/A,N/A,WT,N/A,N/A,N/A,C3,CMS3,PDS1
Male,73,3,T4,N2,MX,proximal,Y,5FU,1,5,1,14,dMMR,-,-,WT,N/A,N/A,N/A,M,c.38G>A,c.38G>A,p.G13D,WT,N/A,N/A,N/A,C4,CMS4,PDS2
Male,48,2,T4,N0,M0,proximal,N,N/A,0,35,0,35,dMMR,-,-,WT,N/A,N/A,N/A,WT,N/A,N/A,N/A,WT,N/A,N/A,N/A,C2,CMS1,PDS1
Male,67,3,T3,N1,MX,proximal,N/A,N/A,N/A,N/A,N/A,N/A,dMMR,-,-,WT,N/A,N/A,N/A,M,c.35G>A,c.35G>A,p.G12D,WT,N/A,N/A,N/A,C3,CMS1,Mixed
Male,71,2,T3,N0,M0,proximal,N,N/A,0,31,0,31,dMMR,+,-,WT,N/A,N/A,N/A,WT,N/A,N/A,N/A,M,N/A,N/A,N/A,C2,CMS1,PDS2
Female,74,2,T3,N0,M0,proximal,N,N/A,N/A,N/A,N/A,N/A,dMMR,+,+,WT,N/A,N/A,N/A,WT,N/A,N/A,N/A,M,c.1799T>A,c.1799T>A,p.V600E,C2,CMS1,PDS3
Female,51,3,T4,N1,M0,proximal,Y,FOLFOX,1,19,1,41,pMMR,-,+,M,N/A,N/A,N/A,M,EX2.codon13,EX2.codon13,N/A,WT,N/A,N/A,N/A,C6,UNK,PDS3
Male,80,2,T3,N0,M0,distal,N,N/A,1,19,1,47,pMMR,-,+,M,N/A,N/A,N/A,WT,N/A,N/A,N/A,WT,N/A,N/A,N/A,C1,CMS2,PDS1
Male,58,2,T4,N0,M0,distal,N,N/A,0,97,0,97,pMMR,-,-,WT,N/A,N/A,N/A,WT,N/A,N/A,N/A,WT,N/A,N/A,N/A,C1,CMS2,PDS1
Female,75,3,T3,N2,M0,proximal,Y,FUFOL,0,99,0,99,N/A,+,-,WT,N/A,N/A,N/A,WT,N/A,N/A,N/A,M,c.1799T>A,c.1799T>A,p.V600E,C2,CMS1,PDS2
Female,51,3,T3,N1,M0,proximal,Y,FUFOL,0,100,0,100,pMMR,-,-,WT,N/A,N/A,N/A,M,EX2.codon12,EX2.codon12,N/A,WT,N/A,N/A,N/A,C3,CMS3,PDS1
Female,89,3,T3,N1,M0,proximal,N,N/A,0,74,0,74,dMMR,+,+,WT,N/A,N/A,N/A,WT,N/A,N/A,N/A,M,c.1799T>A,c.1799T>A,p.V600E,C2,CMS4,PDS2
Female,82,2,T3,N0,M0,distal,N,N/A,0,0,1,0,pMMR,-,+,M,N/A,N/A,N/A,WT,N/A,N/A,N/A,WT,N/A,N/A,N/A,C5,CMS2,Mixed
Female,74,3,T3,N1,M0,distal,Y,5FU,1,34,0,68,pMMR,-,+,WT,N/A,N/A,N/A,M,EX2.codon12,EX2.codon12,N/A,WT,N/A,N/A,N/A,C3,CMS3,PDS3
Male,65,2,T3,N0,M0,proximal,N,N/A,0,17,1,17,dMMR,+,-,WT,N/A,N/A,N/A,M,EX2.codon12,EX2.codon12,N/A,WT,N/A,N/A,N/A,C2,CMS1,PDS2
Male,80,2,T3,N0,M0,proximal,N,N/A,0,12,0,12,pMMR,-,-,WT,N/A,N/A,N/A,WT,N/A,N/A,N/A,WT,N/A,N/A,N/A,C3,CMS3,Mixed
Female,70,2,T3,N0,M0,distal,Y,FUFOL,0,96,0,96,pMMR,+,+,WT,N/A,N/A,N/A,WT,N/A,N/A,N/A,WT,N/A,N/A,N/A,C5,UNK,Mixed
Male,56,2,T3,N0,M0,distal,N,N/A,0,96,0,96,pMMR,-,+,M,N/A,N/A,N/A,WT,N/A,N/A,N/A,WT,N/A,N/A,N/A,C1,CMS2,Mixed
Male,67,3,T4,N2,M0,proximal,N,N/A,0,2,1,2,pMMR,-,-,WT,N/A,N/A,N/A,M,EX2.codon12,EX2.codon12,N/A,WT,N/A,N/A,N/A,C3,CMS3,PDS3
Male,73,2,T3,N0,M0,proximal,N,N/A,0,84,1,84,N/A,-,+,WT,N/A,N/A,N/A,WT,N/A,N/A,N/A,WT,N/A,N/A,N/A,C2,CMS1,PDS1
Female,73,3,T3,N1,M0,proximal,Y,5FU,0,75,0,75,pMMR,-,+,M,N/A,N/A,N/A,M,EX2.codon13,EX2.codon13,N/A,WT,N/A,N/A,N/A,C1,CMS2,PDS1
Male,54,3,T3,N2,M0,distal,Y,FOLFIRI,0,72,0,72,pMMR,-,+,M,N/A,N/A,N/A,M,EX2.codon12,EX2.codon12,N/A,WT,N/A,N/A,N/A,C4,CMS4,PDS2
Male,73,2,T3,N0,M0,distal,N,N/A,0,24,1,24,pMMR,-,+,M,N/A,N/A,N/A,WT,N/A,N/A,N/A,WT,N/A,N/A,N/A,C5,CMS2,PDS1
Male,50,2,T3,N0,M0,proximal,Y,5FU,0,85,0,85,dMMR,-,-,M,N/A,N/A,N/A,WT,N/A,N/A,N/A,WT,N/A,N/A,N/A,C2,CMS1,PDS2
Male,58,2,T4,N0,M0,proximal,Y,5FU,0,80,0,80,pMMR,+,+,WT,N/A,N/A,N/A,WT,N/A,N/A,N/A,WT,N/A,N/A,N/A,C3,UNK,Mixed
Male,67,2,T3,N0,M0,distal,N,N/A,1,45,0,117,pMMR,-,-,WT,N/A,N/A,N/A,M,EX2.codon12,EX2.codon12,N/A,WT,N/A,N/A,N/A,C3,CMS3,Mixed
Female,49,3,T3,N1,M0,distal,Y,FOLFOX,1,9,0,119,pMMR,-,+,M,N/A,N/A,N/A,WT,N/A,N/A,N/A,WT,N/A,N/A,N/A,C6,UNK,Mixed
Female,68,2,T3,N0,M0,distal,N,N/A,0,87,0,87,pMMR,-,+,WT,N/A,N/A,N/A,M,EX2.codon12,EX2.codon12,N/A,WT,N/A,N/A,N/A,C3,CMS3,PDS3
Male,61,3,T4,N1,M0,distal,Y,5FU,0,64,0,64,pMMR,-,+,WT,N/A,N/A,N/A,WT,N/A,N/A,N/A,WT,N/A,N/A,N/A,C4,CMS4,PDS2
Male,75,2,T3,N0,M0,proximal,N,N/A,0,81,0,81,pMMR,-,+,M,N/A,N/A,N/A,M,EX2.codon12,EX2.codon12,N/A,WT,N/A,N/A,N/A,C3,CMS3,Mixed
Male,80,2,T3,N0,M0,distal,N,N/A,0,69,0,69,pMMR,-,+,M,N/A,N/A,N/A,WT,N/A,N/A,N/A,WT,N/A,N/A,N/A,C6,CMS2,PDS3
Male,79,3,T4,N2,M0,proximal,N,N/A,0,3,0,3,pMMR,-,+,WT,N/A,N/A,N/A,M,EX2.codon12,EX2.codon12,N/A,WT,N/A,N/A,N/A,C4,CMS4,PDS2
Male,78,2,T3,N0,M0,proximal,N,N/A,0,69,0,69,pMMR,-,-,WT,N/A,N/A,N/A,M,EX2.codon13,EX2.codon13,N/A,WT,N/A,N/A,N/A,C3,CMS3,PDS3
Male,67,3,T3,N2,M0,distal,Y,5FU,0,65,1,65,pMMR,-,+,M,N/A,N/A,N/A,WT,N/A,N/A,N/A,WT,N/A,N/A,N/A,C5,CMS4,PDS2
Female,90,2,T3,N0,M0,proximal,N,N/A,0,42,0,42,pMMR,-,-,WT,N/A,N/A,N/A,M,EX2.codon12,EX2.codon12,N/A,WT,N/A,N/A,N/A,C2,CMS4,Mixed
Female,80,2,T3,N0,M0,distal,N,N/A,1,23,1,28,pMMR,-,+,M,N/A,N/A,N/A,WT,N/A,N/A,N/A,WT,N/A,N/A,N/A,C5,UNK,Mixed
Male,68,2,T3,N0,M0,distal,Y,5FU,0,76,0,76,pMMR,-,+,WT,N/A,N/A,N/A,WT,N/A,N/A,N/A,WT,N/A,N/A,N/A,C5,CMS4,PDS1
Male,69,2,T3,N0,M0,proximal,N,N/A,0,75,0,75,pMMR,-,+,WT,N/A,N/A,N/A,M,EX2.codon12,EX2.codon12,N/A,WT,N/A,N/A,N/A,C5,CMS2,PDS2
Male,87,2,T3,N0,M0,proximal,N,N/A,0,33,0,33,dMMR,-,+,WT,N/A,N/A,N/A,WT,N/A,N/A,N/A,WT,N/A,N/A,N/A,C5,CMS4,PDS3
Male,84,2,T3,N0,M0,distal,N,N/A,0,67,0,67,N/A,-,-,WT,N/A,N/A,N/A,M,EX2.codon12,EX2.codon12,N/A,WT,N/A,N/A,N/A,C3,CMS3,PDS3
Male,65,2,T3,N0,M0,proximal,N,N/A,0,49,0,49,pMMR,+,-,WT,N/A,N/A,N/A,M,EX2.codon12,EX2.codon12,N/A,WT,N/A,N/A,N/A,C3,CMS3,Mixed
Female,77,2,T3,N0,M0,proximal,N,N/A,0,74,0,74,pMMR,-,-,WT,N/A,N/A,N/A,M,EX2.codon13,EX2.codon13,N/A,WT,N/A,N/A,N/A,C3,CMS3,PDS3
Male,67,2,T3,N0,M0,distal,N,N/A,0,74,0,74,pMMR,-,+,M,N/A,N/A,N/A,WT,N/A,N/A,N/A,WT,N/A,N/A,N/A,C1,CMS2,PDS1
Male,74,2,T3,N0,M0,distal,N,N/A,0,70,0,70,pMMR,-,+,M,N/A,N/A,N/A,WT,N/A,N/A,N/A,WT,N/A,N/A,N/A,C5,CMS2,PDS1
Female,89,2,T3,N0,M0,proximal,N,N/A,0,59,0,59,pMMR,-,+,WT,N/A,N/A,N/A,M,EX2.codon12,EX2.codon12,N/A,WT,N/A,N/A,N/A,C5,CMS4,Mixed
Female,69,3,T3,N1,M0,proximal,Y,FUFOL,1,18,1,27,pMMR,-,+,WT,N/A,N/A,N/A,WT,N/A,N/A,N/A,WT,N/A,N/A,N/A,C5,CMS2,Mixed
Female,77,3,T2,N1,M0,distal,N,N/A,0,1,0,1,pMMR,-,+,M,N/A,N/A,N/A,WT,N/A,N/A,N/A,WT,N/A,N/A,N/A,C5,CMS2,PDS1
Female,50,3,T3,N1,M0,distal,N,N/A,1,19,1,59,pMMR,-,+,M,N/A,N/A,N/A,WT,N/A,N/A,N/A,WT,N/A,N/A,N/A,C1,CMS2,PDS1
Male,82,3,T4,N2,M0,proximal,Y,FUFOL,0,72,0,72,dMMR,+,-,WT,N/A,N/A,N/A,WT,N/A,N/A,N/A,WT,N/A,N/A,N/A,C2,CMS1,PDS1
Female,74,2,T3,N0,M0,proximal,N,N/A,N/A,N/A,N/A,N/A,N/A,-,+,WT,N/A,N/A,N/A,WT,N/A,N/A,N/A,WT,N/A,N/A,N/A,C2,CMS4,Mixed
Female,76,3,T3,N1,M0,distal,N,N/A,0,106,1,106,pMMR,-,+,M,N/A,N/A,N/A,WT,N/A,N/A,N/A,WT,N/A,N/A,N/A,C5,CMS2,PDS2
Male,69,2,T3,N0,M0,distal,N,N/A,0,131,0,131,pMMR,-,+,WT,N/A,N/A,N/A,WT,N/A,N/A,N/A,WT,N/A,N/A,N/A,C3,CMS3,PDS3
Female,42,2,T3,N0,M0,distal,Y,5FU,0,146,0,146,pMMR,-,N/A,WT,N/A,N/A,N/A,WT,N/A,N/A,N/A,WT,N/A,N/A,N/A,C6,CMS4,PDS2
Male,80,3,T3,N2,M0,distal,N,N/A,1,24,1,30,pMMR,-,+,WT,N/A,N/A,N/A,M,EX2.codon12,EX2.codon12,N/A,WT,N/A,N/A,N/A,C1,CMS4,Mixed
Male,69,2,T3,N0,M0,distal,N,N/A,0,144,0,144,pMMR,-,+,WT,N/A,N/A,N/A,WT,N/A,N/A,N/A,WT,N/A,N/A,N/A,C1,CMS2,PDS3
Male,68,2,T3,N0,M0,distal,N,N/A,0,141,0,141,pMMR,-,N/A,M,N/A,N/A,N/A,WT,N/A,N/A,N/A,WT,N/A,N/A,N/A,C6,UNK,PDS3
Female,83,3,T3,N1,M0,proximal,N,N/A,0,42,0,42,dMMR,+,-,WT,N/A,N/A,N/A,WT,N/A,N/A,N/A,M,c.1799T>A,c.1799T>A,p.V600E,C2,CMS1,Mixed
Male,89,2,T3,N0,M0,distal,N,N/A,0,86,0,86,pMMR,-,-,WT,N/A,N/A,N/A,WT,N/A,N/A,N/A,WT,N/A,N/A,N/A,C3,CMS3,PDS3
Male,75,3,T3,N2,M0,proximal,Y,FUFOL,0,47,1,47,pMMR,-,+,M,N/A,N/A,N/A,WT,N/A,N/A,N/A,WT,N/A,N/A,N/A,C5,CMS2,PDS1
Male,62,3,T4,N2,M0,proximal,Y,FOLFOX,1,4,1,23,pMMR,+,N/A,WT,N/A,N/A,N/A,M,EX2.codon12,EX2.codon12,N/A,WT,N/A,N/A,N/A,C3,CMS3,PDS3
Male,85,3,T3,N1,M0,proximal,N,N/A,1,13,1,48,pMMR,-,+,M,N/A,N/A,N/A,M,EX2.codon12,EX2.codon12,N/A,WT,N/A,N/A,N/A,C5,CMS2,Mixed
Female,79,3,T2,N1,M0,distal,Y,FUFOL,0,32,1,32,pMMR,-,+,M,N/A,N/A,N/A,WT,N/A,N/A,N/A,WT,N/A,N/A,N/A,C1,CMS2,PDS1
Female,72,2,T3,N0,M0,distal,N,N/A,0,118,0,118,pMMR,-,N/A,M,N/A,N/A,N/A,WT,N/A,N/A,N/A,WT,N/A,N/A,N/A,C1,CMS2,PDS1
Male,82,2,T3,N0,M0,distal,N,N/A,0,66,0,66,pMMR,-,+,WT,N/A,N/A,N/A,M,EX2.codon12,EX2.codon12,N/A,WT,N/A,N/A,N/A,C1,CMS3,PDS1
Female,88,2,T3,N0,M0,distal,N,N/A,1,32,1,37,pMMR,-,+,M,N/A,N/A,N/A,WT,N/A,N/A,N/A,WT,N/A,N/A,N/A,C5,CMS2,Mixed
Female,82,3,T4,N1,M0,proximal,N,N/A,1,15,1,35,pMMR,-,+,M,c.916C>T,c.916C>T,p.R306X,M,c.35G>A,c.35G>A,p.G12D,WT,N/A,N/A,N/A,C6,UNK,PDS3
Male,58,2,T3,N0,M0,distal,N,N/A,1,11,1,14,pMMR,-,+,M,c.587C>T,c.587C>T,p.R196X,WT,N/A,N/A,N/A,WT,N/A,N/A,N/A,C6,UNK,PDS3
Male,76,3,T3,N1,M0,distal,Y,FUFOL,0,62,1,62,pMMR,-,+,M,N/A,N/A,N/A,WT,N/A,N/A,N/A,WT,N/A,N/A,N/A,C2,UNK,PDS1
Female,90,2,T3,N0,M0,proximal,N,N/A,0,76,1,76,pMMR,-,-,M,c.589G>A,c.589G>A,p.V197M,WT,N/A,N/A,N/A,WT,N/A,N/A,N/A,C4,CMS4,PDS2
Female,53,2,T3,N0,M0,proximal,Y,5FU,0,99,0,99,pMMR,-,+,WT,N/A,N/A,N/A,M,c.35G>T,c.35G>T,p.G12V,WT,N/A,N/A,N/A,C2,UNK,PDS2
